,station_id,lat,lng,pickup_count,dropoff_count,total_trips,cluster
0,519,40.751873,-73.97770600000001,150246,149925,300171,4
1,497,40.73704984,-73.99009296,108865,113323,222188,26
2,435,40.74173969,-73.99415556,107154,108634,215788,29
3,402,40.740343200000005,-73.98955109,105592,109143,214735,26
4,426,40.71754834,-74.01322069,94453,99422,193875,28
5,285,40.73454567,-73.99074142,93353,93579,186932,2
6,477,40.75640548,-73.9900262,87941,88136,176077,11
7,490,40.751551,-73.993934,85287,85276,170563,11
8,499,40.76915505,-73.98191841,84950,83358,168308,16
9,514,40.76087502,-74.00277668,82316,85136,167452,11
10,293,40.73020660529954,-73.99102628231049,83020,84115,167135,2
11,368,40.73038599,-74.00214988,80543,82259,162802,2
12,3255,40.7505853470215,-73.9946848154068,80091,81651,161742,11
13,2006,40.76590936,-73.97634151,79026,78837,157863,4
14,358,40.73291553,-74.00711384,77881,78748,156629,2
15,492,40.75019995,-73.99093085,75933,78743,154676,26
16,459,40.746745,-74.007756,75519,79000,154519,29
17,229,40.72743423,-73.99379025,75723,78350,154073,2
18,3002,40.711512,-74.01575600000001,76852,77194,154046,12
19,382,40.73492695,-73.99200509,75682,77598,153280,2
20,505,40.74901271,-73.98848395,75280,75910,151190,26
21,379,40.749156,-73.9916,74965,75535,150500,26
22,3641,40.74286877312112,-73.98918628692627,74577,75215,149792,26
23,359,40.75510267,-73.97498696,74467,74712,149179,4
24,281,40.7643971,-73.97371465,78530,68449,146979,4
25,3263,40.729514962249496,-73.99075269699097,72866,73712,146578,2
26,151,40.72210378668603,-73.99724900722505,72603,72926,145529,2
27,168,40.73971301,-73.99456405,71257,73550,144807,29
28,387,40.71273266,-74.0046073,70755,70322,141077,28
29,523,40.75466591,-73.99138152,68609,68911,137520,11
30,445,40.72740794,-73.98142006,65018,72318,137336,9
31,504,40.73221853,-73.98165557,67490,68667,136157,9
32,3435,40.718822,-73.99596,67563,67479,135042,17
33,465,40.75513557,-73.98658032,67221,67275,134496,11
34,491,40.74096374,-73.98602213,65722,65711,131433,26
35,327,40.715337899999994,-74.01658354,64806,65211,130017,28
36,446,40.74487634,-73.99529885,64050,64276,128326,29
37,3660,40.74102150900266,-74.001384973526,63109,63496,126605,29
38,462,40.74691959,-74.00451887,62100,62715,124815,29
39,173,40.76068327096592,-73.98452728986742,62198,62283,124481,11
40,482,40.73935542,-73.99931783,61523,62637,124160,29
41,457,40.76695317,-73.98169333,62272,61284,123556,16
42,128,40.72710258,-74.00297088,60822,62252,123074,2
43,453,40.74475148,-73.99915362,60964,61278,122242,29
44,127,40.73172428,-74.00674436,60665,61382,122047,2
45,432,40.72621788,-73.98379855,63368,58072,121440,9
46,509,40.7454973,-74.00197139,60229,61177,121406,29
47,3427,40.72430527250332,-73.99600982666016,59865,60445,120310,2
48,472,40.745712100000006,-73.98194829,60014,59844,119858,26
49,405,40.739323,-74.008119,59846,59878,119724,29
50,3164,40.7770575,-73.97898475,68166,50971,119137,16
51,486,40.7462009,-73.98855723,59470,59489,118959,26
52,479,40.76019252,-73.9912551,58150,58470,116620,11
53,442,40.746647,-73.993915,58184,58294,116478,29
54,458,40.751396,-74.00522600000001,56470,59974,116444,29
55,496,40.73726186,-73.99238967,57172,58964,116136,2
56,3141,40.76500525,-73.95818491,57735,57904,115639,15
57,483,40.73223272,-73.98889957,57082,57351,114433,9
58,494,40.74734825,-73.99723551,56995,57292,114287,29
59,498,40.74854862,-73.98808416,57086,56378,113464,26
60,3260,40.72706363348306,-73.99662137031554,55754,56878,112632,2
61,466,40.74395411,-73.99144871,55861,56371,112232,26
62,450,40.76227205,-73.98788205,55124,54627,109751,11
63,237,40.73047309,-73.98672378,54317,54724,109041,9
64,3233,40.75724567911726,-73.97805914282799,54345,54579,108924,4
65,545,40.736502,-73.97809472,53914,54066,107980,9
66,3256,40.7277140777778,-74.01129573583603,53487,54011,107498,28
67,518,40.74780373,-73.97344190000001,53609,53433,107042,4
68,297,40.734232,-73.986923,53438,53519,106957,9
69,347,40.728846,-74.00859100000001,52634,53998,106632,2
70,336,40.73047747,-73.99906065,52355,53797,106152,2
71,3258,40.750181563256824,-74.00218427181244,52820,53203,106023,29
72,517,40.751581,-73.97791,54082,51872,105954,4
73,507,40.73912601,-73.97973776,53234,52528,105762,26
74,236,40.7284186,-73.98713956,51757,53602,105359,9
75,3165,40.77579376683666,-73.97620573639871,53849,51349,105198,16
76,312,40.722055,-73.989111,52382,52628,105010,17
77,251,40.72317958,-73.99480012,52105,52547,104652,2
78,3167,40.77966809007312,-73.98093044757842,52933,50677,103610,16
79,487,40.73314259,-73.97573881,53442,49833,103275,9
80,468,40.7652654,-73.98192338,51623,51132,102755,11
81,307,40.71427487,-73.98990025,51297,51037,102334,17
82,3443,40.76132983124814,-73.97982001304626,49547,52474,102021,4
83,438,40.72779126,-73.98564945,50037,51342,101379,9
84,403,40.72502876,-73.99069656,49667,50448,100115,17
85,537,40.74025878,-73.98409214,50009,49709,99718,26
86,2008,40.70569254,-74.01677685,49714,49848,99562,12
87,461,40.73587678,-73.98205027,49795,49611,99406,9
88,531,40.71893904,-73.99266288,49542,49286,98828,17
89,380,40.73401143,-74.00293877,48505,49155,97660,2
90,383,40.735238,-74.000271,47747,48954,96701,2
91,2003,40.73381219196632,-73.9805442094803,48248,48119,96367,9
92,401,40.72019576,-73.98997825,48175,47852,96027,17
93,304,40.70463334,-74.01361706,44487,51130,95617,12
94,315,40.70355377,-74.00670227,47394,48111,95505,12
95,540,40.74311555376486,-73.98215353488922,47294,47547,94841,26
96,528,40.74290902,-73.97706058,47459,47294,94753,26
97,326,40.72953837,-73.98426726,46792,47168,93960,9
98,478,40.76030096,-73.99884222,46494,46853,93347,11
99,265,40.72229346,-73.99147535,46271,47044,93315,17
100,2021,40.75929124,-73.98859651,46686,46618,93304,11
101,3282,40.78307,-73.95939,46361,46705,93066,25
102,3163,40.7734066,-73.97782542,48985,43933,92918,16
103,417,40.71291224,-74.01020234,45945,46326,92271,28
104,410,40.72066442,-73.98517977,45986,46137,92123,17
105,529,40.75756989999999,-73.99098507,45819,46281,92100,11
106,334,40.74238787,-73.99726235,45302,45526,90828,29
107,530,40.771522,-73.99054100000001,45469,45169,90638,16
108,447,40.76370739,-73.9851615,45058,45038,90096,11
109,3137,40.77282817,-73.96685276,44888,45082,89970,15
110,212,40.74334935,-74.00681753,44704,44876,89580,29
111,3244,40.73143724085228,-73.99490341544151,44379,44663,89042,2
112,361,40.71605866,-73.99190759,44184,44372,88556,17
113,524,40.75527307,-73.98316936,44036,44264,88300,11
114,476,40.74394314,-73.97966069,44017,44017,88034,26
115,448,40.75660359,-73.9979009,43773,43757,87530,11
116,501,40.744219,-73.97121214,43106,43920,87026,4
117,539,40.71534825,-73.96024116,42675,44330,87005,27
118,3158,40.77163851,-73.98261428,45629,41069,86698,16
119,503,40.73827428,-73.98751968,43203,43300,86503,26
120,167,40.7489006,-73.97604882,43291,43003,86294,4
121,515,40.76009437,-73.99461843,42935,43159,86094,11
122,319,40.711065999999995,-74.009447,42749,43002,85751,12
123,3016,40.72036775298455,-73.96165072917937,41101,44253,85354,27
124,536,40.74144387,-73.97536082,42630,42671,85301,26
125,301,40.72217444,-73.98368779,40357,44896,85253,17
126,377,40.72243797,-74.00566443,40909,44264,85173,28
127,412,40.715815500000005,-73.99422366,42252,42639,84891,17
128,3429,40.68506807308177,-73.97790759801863,41915,42381,84296,24
129,3235,40.752165280621966,-73.97992193698882,41695,41793,83488,4
130,433,40.72955361,-73.98057249,43027,40357,83384,9
131,526,40.74765947,-73.98490707,41670,41604,83274,26
132,3236,40.75898481399634,-73.99379968643187,42346,40729,83075,11
133,268,40.71910537,-73.99973337,41233,41440,82673,28
134,3664,40.72019521437465,-74.0103006362915,40283,42280,82563,28
135,495,40.76269882,-73.99301222,40927,41095,82022,11
136,3159,40.77492513,-73.98266566,42329,39458,81787,16
137,388,40.749717753,-74.002950346,40290,41241,81531,29
138,335,40.72903917,-73.99404649,40003,41459,81462,2
139,305,40.76095756,-73.96724467,40636,40769,81405,4
140,3168,40.78472675,-73.96961715,41029,39950,80979,0
141,3686,40.73944820130404,-74.00507032871245,40114,40785,80899,29
142,546,40.74444921,-73.98303529,40192,40406,80598,26
143,520,40.75992262,-73.97648516,39199,41211,80410,4
144,3142,40.7612274,-73.96094022,40094,40175,80269,15
145,195,40.70905623,-74.01043382,39942,40067,80009,12
146,223,40.73781509,-73.99994661,39669,40111,79780,29
147,3474,40.7252556952547,-74.00412082672119,39120,40032,79152,2
148,474,40.7451677,-73.98683077,39482,39505,78987,26
149,267,40.75097711,-73.98765428,39712,39145,78857,26
150,3472,40.742753828659026,-74.00747358798982,37690,41142,78832,29
151,3093,40.71745169,-73.95850939,38443,40202,78645,27
152,3656,40.72307749068673,-73.98583620786667,39025,39348,78373,17
153,525,40.75594159,-74.0021163,38658,39281,77939,11
154,363,40.70834698,-74.01713445,38621,39019,77640,12
155,317,40.72453734,-73.98185424,38305,39296,77601,9
156,3140,40.77140426,-73.9535166,38473,39006,77479,15
157,3458,40.76309387270797,-73.97835016250609,38544,38805,77349,4
158,508,40.76341379,-73.99667444,38502,38718,77220,11
159,72,40.76727216,-73.99392888,38403,38580,76983,11
160,480,40.76669671,-73.99061728,38323,38369,76692,11
161,469,40.76344058,-73.98268129,39391,36498,75889,11
162,460,40.71285887,-73.96590294,37784,37960,75744,27
163,533,40.75299641,-73.98721619,37778,37570,75348,11
164,3147,40.77801203,-73.95407149,37625,37692,75317,25
165,3463,40.735367055605394,-73.98797392845155,37542,37757,75299,9
166,394,40.72521311,-73.97768752,38735,36389,75124,9
167,174,40.7381765,-73.97738662,37241,37100,74341,26
168,3467,40.72494672359416,-74.00165855884552,35836,38240,74076,2
169,346,40.73652889,-74.00618026,36665,36938,73603,29
170,325,40.73624527,-73.98473765,36585,36549,73134,9
171,303,40.72362738,-73.99949601,36167,36893,73060,2
172,328,40.72405549,-74.00965965,36426,36525,72951,28
173,456,40.75971079999999,-73.97402311,35543,37149,72692,4
174,3409,40.686744299999994,-73.99063168,35346,37076,72422,19
175,500,40.76228826,-73.98336183,35937,36474,72411,11
176,3223,40.75899655960512,-73.96865397691727,35925,36134,72059,4
177,532,40.710451,-73.960876,37843,33888,71731,27
178,161,40.72917025,-73.99810231,34862,35523,70385,2
179,2012,40.739445,-73.97680600000001,35614,34750,70364,26
180,3461,40.71485150526252,-74.01122331619263,34370,35970,70340,28
181,3632,40.728048571362606,-73.97881150245668,35193,35115,70308,9
182,252,40.73226398,-73.99852205,34844,35314,70158,2
183,3143,40.77632142182271,-73.96427392959596,35041,34707,69748,15
184,217,40.70277159,-73.99383605,31147,38157,69304,20
185,355,40.71602118,-73.99974372,34346,34751,69097,28
186,2002,40.716887,-73.96319799999999,33767,35321,69088,27
187,2010,40.72165481,-74.00234737,34216,34698,68914,28
188,254,40.73532427,-73.99800419,33944,34079,68023,2
189,296,40.71413089,-73.99704679999999,33499,34335,67834,28
190,3295,40.79127,-73.964839,36475,31311,67786,0
191,3659,40.7429489166009,-74.00413691997528,33172,34401,67573,29
192,345,40.73649403,-73.99704374,33608,33715,67323,2
193,470,40.74345335,-74.00004031,33328,33706,67034,29
194,257,40.71939226,-74.00247214,33072,33764,66836,28
195,350,40.71559509,-73.9870295,33385,33342,66727,17
196,439,40.7262807,-73.98978041,33209,33446,66655,9
197,279,40.707873,-74.00166999999999,32772,33566,66338,12
198,3374,40.799484,-73.955613,32067,33901,65968,21
199,485,40.75038009,-73.98338988,33030,32755,65785,26
200,423,40.76584941,-73.98690506,32867,32906,65773,11
201,502,40.714215,-73.981346,32470,32510,64980,17
202,309,40.7149787,-74.013012,31920,33034,64954,28
203,311,40.7172274,-73.98802084,32214,32436,64650,17
204,3160,40.77896784,-73.97374737,33338,30737,64075,16
205,484,40.75500254,-73.98014437,31214,31675,62889,4
206,369,40.73224119,-74.00026394,31185,31517,62702,2
207,440,40.75255434,-73.97282625,31264,31361,62625,4
208,3156,40.76663814,-73.95348296,31022,31121,62143,15
209,259,40.70122128,-74.01234218,30590,31174,61764,12
210,441,40.756014,-73.967416,30628,30710,61338,4
211,2000,40.70255088,-73.98940236,29411,31892,61303,20
212,3687,40.74322681432173,-73.97449783980845,30555,30525,61080,26
213,3459,40.75763227739443,-73.9693057537079,30228,30287,60515,4
214,3431,40.746524,-73.977885,30184,30282,60466,26
215,3112,40.72906,-73.95779,29636,30685,60321,22
216,164,40.75323098,-73.97032517,29952,29963,59915,4
217,3090,40.71774592,-73.95600096,29135,30329,59464,27
218,455,40.75001986,-73.96905301,29563,29759,59322,4
219,513,40.768254,-73.988639,29453,29441,58894,11
220,150,40.7208736,-73.98085795,27891,30539,58430,17
221,422,40.770513,-73.988038,29435,28967,58402,16
222,146,40.71625008,-74.0091059,28993,29352,58345,28
223,3360,40.7829391,-73.9786517,29444,28533,57977,16
224,3440,40.692418292578466,-73.98949474096298,28549,28437,56986,20
225,3171,40.78524672,-73.97667321,28800,27625,56425,16
226,3674,40.70140317257725,-73.98672670125961,27603,28619,56222,20
227,324,40.689888,-73.981013,22119,34062,56181,20
228,473,40.72110063,-73.99192540000001,27412,28067,55479,17
229,3161,40.7801839724239,-73.97728532552719,31104,24113,55217,16
230,3173,40.777507027547976,-73.98888587951659,27486,27500,54986,16
231,79,40.71911552,-74.00666661,27194,27557,54751,28
232,3680,40.754120810779256,-73.98025184869765,27264,27182,54446,4
233,3658,40.7435337324616,-74.00367558002472,27057,27362,54419,29
234,3107,40.72311651,-73.95212324,26682,26789,53471,10
235,295,40.71406667,-73.99293911,26582,26699,53281,17
236,280,40.73331967,-73.99510132,26431,26739,53170,2
237,238,40.7361967,-74.00859207,26437,26704,53141,29
238,3684,40.73756121181137,-74.00398269295692,26427,26668,53095,29
239,247,40.73535398,-74.00483091,26305,26441,52746,29
240,3423,40.6610633719006,-73.97945255041121,26272,26358,52630,13
241,228,40.7546011026,-73.971878855,26196,26321,52517,4
242,3259,40.74937024193277,-73.99923384189607,26169,26344,52513,29
243,3402,40.6902375,-73.99203074,26088,26348,52436,20
244,3170,40.78499979,-73.97283406,28000,24368,52368,16
245,391,40.69760127,-73.99344559,29492,22684,52176,20
246,239,40.69196566,-73.9813018,27221,24843,52064,20
247,3092,40.7190095,-73.95852515,25885,26078,51963,27
248,3226,40.78275,-73.97137,28734,23154,51888,16
249,351,40.70530954,-74.00612572,25584,26264,51848,12
250,3314,40.7937704,-73.971888,26198,25457,51655,0
251,3166,40.780577990103346,-73.98562431335448,25413,25554,50967,16
252,330,40.71450451,-74.00562789,25424,25533,50957,28
253,3129,40.75110165,-73.94073717,25225,25329,50554,3
254,3283,40.7882213,-73.97041561,28321,22108,50429,0
255,3243,40.75892386377695,-73.96226227283478,25141,25218,50359,4
256,427,40.701907,-74.013942,24831,25525,50356,12
257,3175,40.77748046,-73.98288594,25593,24702,50295,16
258,386,40.71494807,-74.00234482,24841,24955,49796,28
259,467,40.68312489,-73.97895137,24979,24731,49710,24
260,3372,40.7689738,-73.95482273,24696,24893,49589,15
261,3132,40.76350532,-73.97109243,24869,24684,49553,4
262,357,40.73261787,-73.99158043,24514,24517,49031,2
263,320,40.717571,-74.005549,24313,24477,48790,28
264,3635,40.754623240291046,-73.99516761302948,24244,24385,48629,11
265,3521,40.7987859,-73.9523,23992,24521,48513,21
266,415,40.7047177,-74.00926027,23961,24397,48358,12
267,3318,40.7839636,-73.94716729999999,23837,24477,48314,25
268,3305,40.781122299341654,-73.94965589046478,23738,24147,47885,25
269,321,40.69991755,-73.98971773,23971,23828,47799,20
270,3466,40.75668720603179,-73.98257732391356,23867,23839,47706,11
271,3119,40.74232744,-73.95411749,23782,23918,47700,22
272,522,40.75714758,-73.97207836,23699,23810,47509,4
273,362,40.75172632,-73.98753523,23824,23606,47430,26
274,3232,40.68962188790333,-73.98304268717766,21519,25351,46870,20
275,323,40.69236178,-73.98631746,23570,23284,46854,20
276,398,40.69165183,-73.99997859999999,22297,24438,46735,19
277,308,40.71307916,-73.99851193,23235,23437,46672,28
278,316,40.70955958,-74.00653609,23279,23294,46573,12
279,2009,40.71117444,-73.99682619,23110,23412,46522,28
280,143,40.69239502,-73.99337909,23135,23066,46201,20
281,302,40.72082834,-73.97793172,22963,23115,46078,9
282,3301,40.7919557,-73.968087,24202,21772,45974,0
283,392,40.695065,-73.987167,22315,23306,45621,20
284,3177,40.7867947,-73.977112,24914,20653,45567,16
285,3155,40.76440023,-73.96648977,22656,22818,45474,15
286,366,40.693261,-73.968896,22401,22589,44990,1
287,264,40.70706456,-74.00731853,22125,22670,44795,12
288,3086,40.715143,-73.944507,22443,22204,44647,10
289,3507,40.8045555,-73.93968609999999,22251,22348,44599,14
290,3486,40.68841742754083,-73.98451656103134,21816,22256,44072,20
291,3457,40.763025942805186,-73.97209525108337,21947,21966,43913,4
292,376,40.70862144,-74.00722156,21804,21960,43764,12
293,527,40.744023,-73.976056,21903,21855,43758,26
294,393,40.72299208,-73.97995466,21485,22019,43504,9
295,3462,40.75118387463277,-73.97138714790343,21623,21697,43320,4
296,253,40.73543934,-73.99453948,21390,21575,42965,2
297,454,40.75455731,-73.96592976,21405,21490,42895,4
298,276,40.71748752,-74.0104554,21296,21558,42854,28
299,3136,40.766368,-73.971518,21350,21383,42733,4
300,389,40.71044554,-73.96525063,21882,20773,42655,27
301,406,40.69512845,-73.99595065,21883,20346,42229,20
302,481,40.71260486,-73.96264403,22084,20075,42159,27
303,360,40.70717936,-74.00887308,21089,21042,42131,12
304,3148,40.77565541,-73.95068615,20916,21036,41952,25
305,3367,40.792255299999994,-73.95249933,20664,20754,41418,25
306,3349,40.6729679,-73.97087984,22237,19141,41378,24
307,3162,40.78339981,-73.98093133,21640,19679,41319,16
308,534,40.70255065,-74.0127234,20304,20774,41078,12
309,411,40.72228087,-73.97668709,20596,20381,40977,9
310,3350,40.7973721,-73.97041192,21031,19915,40946,0
311,3110,40.72708584,-73.95299117,20383,20456,40839,22
312,3534,40.805159,-73.95469200000001,19657,21103,40760,21
313,3285,40.78839,-73.9747,21162,19215,40377,0
314,349,40.71850211,-73.98329859,20298,20044,40342,17
315,340,40.71269042,-73.98776323,20117,20193,40310,17
316,3320,40.79406660818552,-73.96286845207214,20754,19543,40297,0
317,157,40.69089272,-73.99612349,19846,20239,40085,19
318,414,40.70281858,-73.98765762,18780,21042,39822,20
319,342,40.71739973,-73.98016555,20020,19706,39726,17
320,314,40.69383,-73.990539,20780,18812,39592,20
321,2023,40.75968085,-73.97031366,19756,19796,39552,4
322,3382,40.680611,-73.99475825,19272,19448,38720,19
323,3134,40.76312584,-73.96526895,19122,19145,38267,15
324,3113,40.730259999999994,-73.95394,18925,18924,37849,22
325,274,40.68691865,-73.976682,18309,19238,37547,24
326,270,40.69308257,-73.97178913,18606,18612,37218,1
327,3362,40.7781314,-73.96069399,18569,18578,37147,15
328,337,40.703799200000006,-74.00838676,18265,18834,37099,12
329,408,40.71076228,-73.99400398,18030,18268,36298,17
330,471,40.71286844,-73.95698119,18081,18158,36239,27
331,3346,40.675146838709786,-73.9752320945263,18139,18066,36205,24
332,332,40.71219906,-73.97948148,17952,17917,35869,17
333,331,40.71173107,-73.99193043,17824,17960,35784,17
334,3169,40.78720869,-73.98128127,18040,17702,35742,16
335,3293,40.7921,-73.9739,18049,17667,35716,0
336,516,40.75206862,-73.96784384,17768,17913,35681,4
337,3418,40.675020700000005,-73.97111473,19839,15759,35598,24
338,310,40.68926942,-73.98912867,17438,17953,35391,20
339,3172,40.7785669,-73.97754961,18198,17168,35366,16
340,3553,40.801694,-73.957145,17089,17838,34927,21
341,356,40.71622644,-73.98261206,20093,14626,34719,17
342,3351,40.7869946,-73.94164802,17153,17341,34494,25
343,3383,40.804213,-73.96699104,18555,15823,34378,0
344,266,40.72368361,-73.97574813,18211,16087,34298,9
345,390,40.69221589,-73.9842844,17168,17112,34280,20
346,282,40.7076449441757,-73.96841526031494,16948,17140,34088,27
347,249,40.71870987,-74.0090009,16799,16873,33672,28
348,341,40.71782143,-73.97628939,16774,16883,33657,17
349,3315,40.6847514,-73.99917254,16741,16867,33608,19
350,3336,40.787801,-73.953559,16776,16800,33576,25
351,258,40.68940747,-73.96885458,18619,14710,33329,1
352,3108,40.725570000000005,-73.94434,16658,16604,33262,10
353,3354,40.668132,-73.97363831,18139,15112,33251,24
354,3146,40.77573034,-73.9567526,16618,16609,33227,15
355,3096,40.71924,-73.95241999999999,16576,16616,33192,10
356,291,40.713126,-73.984844,16548,16610,33158,17
357,3078,40.70924826276157,-73.96063148975372,16914,16102,33016,27
358,3356,40.7746671,-73.98470567,16628,16337,32965,16
359,3101,40.72079821,-73.95484712,16552,16394,32946,27
360,3139,40.77118287540658,-73.96409422159195,16412,15956,32368,15
361,3116,40.73266,-73.95826,15883,16394,32277,22
362,3087,40.71413311,-73.95234386,16202,16006,32208,10
363,3124,40.74731,-73.95451,15931,16025,31956,22
364,3323,40.7981856,-73.96059090060001,16367,15561,31928,0
365,3292,40.785785100000005,-73.957481,15910,15958,31868,25
366,3242,40.69102925677968,-73.99183362722397,15847,15772,31619,20
367,3368,40.672815500000006,-73.98352355,15506,15847,31353,13
368,3224,40.73997354103409,-74.00513872504234,15082,16154,31236,29
369,244,40.69196035,-73.96536851,16277,14884,31161,1
370,3109,40.72606,-73.95621,15387,15714,31101,27
371,3178,40.78414472,-73.98362492,15605,14978,30583,16
372,3408,40.6881529,-73.99520919,15127,15287,30414,19
373,3082,40.71167351,-73.95141312,15278,15096,30374,10
374,3115,40.73232194,-73.9550858,14953,15203,30156,22
375,364,40.68900443,-73.96023854,15537,14562,30099,1
376,3417,40.6795766,-73.97854971,14756,15279,30035,24
377,3307,40.7941654,-73.974124,15103,14892,29995,0
378,3312,40.78172120000001,-73.94594000000001,14776,15181,29957,25
379,306,40.70823502,-74.00530063,14957,14995,29952,12
380,437,40.6809833854,-73.9500479759,15437,14494,29931,18
381,3376,40.76471851944339,-73.96222069859505,14954,14958,29912,15
382,3135,40.77112927,-73.95772297,14744,14814,29558,15
383,3150,40.77536905,-73.94803392,14680,14791,29471,25
384,3151,40.7728384,-73.94989233,14715,14707,29422,15
385,3145,40.77862688,-73.95772073,14948,14339,29287,15
386,3118,40.73555,-73.95284000000001,14574,14680,29254,22
387,3414,40.680944723477296,-73.97567331790923,14407,14527,28934,24
388,354,40.69363137,-73.96223558,14523,14304,28827,1
389,3064,40.69681963,-73.93756926,14412,14374,28786,18
390,313,40.69610226,-73.96751037,14004,14677,28681,1
391,3637,40.68323865460341,-73.96599590778352,14379,14297,28676,1
392,3328,40.795,-73.9645,14593,13911,28504,0
393,3420,40.6802133,-73.98432695,13855,14636,28491,24
394,3378,40.773763,-73.96222088,14122,14173,28295,15
395,416,40.68753406,-73.97265183,14983,13290,28273,1
396,241,40.68981035,-73.97493121,14553,13658,28211,1
397,3697,40.77515953434235,-73.98918695747851,14127,14066,28193,16
398,3576,40.6767,-73.969024,14417,13656,28073,24
399,3106,40.72325,-73.94308000000001,14082,13968,28050,10
400,3126,40.74718234,-73.9432635,14008,14021,28029,3
401,3373,40.6750705,-73.98775226,13420,14546,27966,13
402,261,40.69474881,-73.98362464,13919,14021,27940,20
403,243,40.688226,-73.979382,12026,15783,27809,24
404,3365,40.67038370000001,-73.97839676,14093,13681,27774,13
405,284,40.7390169121,-74.0026376103,13733,14021,27754,29
406,3331,40.8013434,-73.97114574390001,14011,13431,27442,0
407,3648,40.69795031569544,-73.97077560424805,12951,14484,27435,1
408,3131,40.76712840349542,-73.96224617958069,13716,13682,27398,15
409,399,40.68851534,-73.9647628,16519,10875,27394,1
410,3289,40.79017948095081,-73.97288918495178,14235,12976,27211,0
411,232,40.69597683,-73.99014892,13731,13296,27027,20
412,83,40.68382604,-73.97632328,13115,13813,26928,24
413,3508,40.809725,-73.953149,13234,13619,26853,21
414,322,40.696192,-73.991218,13653,13157,26810,20
415,3100,40.724812564400175,-73.94752621650694,13339,13427,26766,10
416,3663,40.67716489469059,-73.97382795810701,13422,13337,26759,24
417,3370,40.7727966,-73.95577801,13303,13347,26650,15
418,3411,40.6849668,-73.98620772,13163,13295,26458,19
419,3335,40.6772744,-73.98282002,12591,13794,26385,24
420,3518,40.808442,-73.94520870000001,12792,13526,26318,21
421,3558,40.6794388,-73.96804379999999,13290,13017,26307,24
422,3288,40.778301,-73.9488134,12989,13245,26234,25
423,3688,40.75792020879402,-73.96638214588165,13107,13124,26231,4
424,339,40.72580614,-73.97422494,14845,11383,26228,9
425,3526,40.7747878,-73.91255509999999,13039,13107,26146,8
426,3489,40.710699946313866,-74.00354146957396,12987,13138,26125,28
427,3547,40.8143256,-73.9590255,12801,13279,26080,21
428,260,40.70365182,-74.01167797,12878,13137,26015,12
429,3497,40.794987899999995,-73.9333349,12889,13097,25986,14
430,418,40.70224,-73.982578,12390,13593,25983,20
431,3077,40.70877084,-73.95095259,13085,12888,25973,10
432,3584,40.670776700000005,-73.9576801,12938,12583,25521,6
433,3711,40.72966729392978,-73.98067966103555,12655,12814,25469,9
434,3364,40.6751622,-73.9814832,12542,12924,25466,24
435,3366,40.8021174,-73.9681805305,14010,11415,25425,0
436,3176,40.77452835,-73.98753759,12867,12474,25341,16
437,3308,40.686175799999994,-73.99645295,12560,12654,25214,19
438,3668,40.7239567849954,-73.94984364509583,12543,12580,25123,10
439,3400,40.7961535,-73.94782145,12473,12564,25037,14
440,3539,40.8067581,-73.9607082,14347,10627,24974,21
441,3361,40.6740886,-73.9787282,12513,12409,24922,24
442,3298,40.686371,-73.99383324,12299,12472,24771,19
443,3117,40.73564,-73.95866,12076,12142,24218,22
444,248,40.72185379,-74.00771779,12024,12141,24165,28
445,3369,40.7724607,-73.9468208,12056,12106,24162,25
446,3701,40.70831794366396,-74.0050408244133,11913,12136,24049,12
447,242,40.697787,-73.973736,11409,12534,23943,1
448,493,40.7568001,-73.98291153,11912,11915,23827,11
449,3294,40.7835016,-73.955327,11919,11884,23803,25
450,3398,40.67469570000001,-73.99785768,11798,11947,23745,19
451,3341,40.795346,-73.96186,12676,10980,23656,0
452,3437,40.79313480986664,-73.97700369358063,12060,11344,23404,0
453,353,40.68539567,-73.97431458,11798,11599,23397,24
454,3538,40.802692,-73.96295,12592,10690,23282,0
455,3407,40.67909799721684,-73.98765474557877,11265,11995,23260,19
456,262,40.6917823,-73.97372990000001,12572,10646,23218,1
457,3329,40.6829151,-73.99318208,11492,11644,23136,19
458,3304,40.668127,-73.98377641,11676,11417,23093,13
459,3083,40.71247661,-73.94100005,11612,11471,23083,10
460,3359,40.7691572,-73.96703464,11512,11502,23014,15
461,3419,40.67927879999999,-73.98154004,11104,11845,22949,24
462,3434,40.790254173304184,-73.97718340158461,11762,11161,22923,0
463,3422,40.6859296,-74.00242364,11176,11741,22917,19
464,3529,40.8107922,-73.9430681,11247,11609,22856,21
465,3593,40.761584,-73.925921,11480,11358,22838,8
466,3430,40.71907891179564,-73.94223690032959,11405,11389,22794,10
467,3076,40.70870368,-73.9448625,11363,11399,22762,10
468,3300,40.66514681533792,-73.97637605667114,11530,11156,22686,13
469,3357,40.80083629999999,-73.9664492472,11712,10833,22545,0
470,3536,40.8082,-73.9641,12652,9806,22458,21
471,3671,40.77477944895728,-73.95427465438844,11215,11230,22445,15
472,3599,40.663140000000006,-73.96056949999999,10921,11467,22388,6
473,3552,40.805973,-73.964928,12372,9965,22337,21
474,3284,40.781410700190015,-73.95595908164978,11061,11082,22143,25
475,3296,40.78245417527987,-73.94891962409021,10845,11217,22062,25
476,344,40.6851443,-73.95380904,11382,10666,22048,18
477,3496,40.7923272,-73.9383,10876,11031,21907,14
478,365,40.68223166,-73.9614583,11496,10328,21824,6
479,3453,40.71335226222875,-73.9491033554077,10880,10900,21780,10
480,3384,40.678724200000005,-73.99599099,10920,10739,21659,19
481,3125,40.74708586,-73.94977234,10771,10853,21624,22
482,3321,40.6831164,-73.99785267,10867,10709,21576,19
483,3377,40.6786115,-73.99037292,10708,10857,21565,19
484,3180,40.69878,-73.99712,10667,10853,21520,20
485,407,40.700469,-73.991454,11044,10390,21434,20
486,3415,40.6793307,-73.97519523,10673,10749,21422,24
487,3375,40.7699426,-73.96060712,10682,10693,21375,15
488,3080,40.709340000000005,-73.95608,10720,10601,21321,27
489,3581,40.674012299999994,-73.9671457,10933,10378,21311,6
490,2022,40.759107,-73.959223,10597,10627,21224,15
491,3425,40.7892105,-73.94370784,10401,10528,20929,25
492,3319,40.666287,-73.98895053,10425,10497,20922,13
493,3102,40.72179134,-73.95041540000001,10526,10362,20888,10
494,3396,40.6783563,-74.00014502,10404,10395,20799,19
495,3562,40.676519799999994,-73.9596082,10496,10294,20790,6
496,3412,40.6853761,-73.98302136,10394,10393,20787,24
497,3345,40.78948541553215,-73.9524292945862,10409,10349,20758,25
498,82,40.71117416,-74.00016545,10217,10451,20668,28
499,3389,40.6830456,-74.00348559,10047,10513,20560,19
500,3081,40.711863,-73.944024,10263,10250,20513,10
501,120,40.68676793,-73.95928168,10543,9680,20223,1
502,275,40.68650065,-73.96563307,10742,9458,20200,1
503,298,40.68683208,-73.9796772,9862,10322,20184,24
504,3572,40.756913,-73.921631,10067,10071,20138,8
505,3311,40.68763155,-74.0016256,9810,10231,20041,19
506,3310,40.663779,-73.98396846,10351,9522,19873,13
507,3410,40.6864442,-73.98759104,9828,10011,19839,19
508,3413,40.6827549,-73.98258555,9728,9914,19642,24
509,3388,40.6828003,-73.99990419,9823,9810,19633,19
510,3286,40.7806284,-73.9521667,9796,9809,19605,25
511,3358,40.671197799999995,-73.97484126,10162,9279,19441,24
512,3516,40.76991760000001,-73.91840570000001,9707,9703,19410,8
513,3403,40.6705135,-73.98876585,9257,10136,19393,13
514,3438,40.772248537721744,-73.95842134952545,9669,9698,19367,15
515,3152,40.76873687,-73.96119945,9888,9474,19362,15
516,420,40.68764484,-73.96968902,10641,8573,19214,1
517,3085,40.71469,-73.95739,9530,9670,19200,27
518,3615,40.748000000000005,-73.94609270000001,9514,9603,19117,3
519,3306,40.666207799999995,-73.98199886,9947,9132,19079,13
520,3695,40.72686951528207,-73.9891903102398,9384,9518,18902,9
521,343,40.69794,-73.96986848,8702,10197,18899,1
522,3549,40.678045,-73.962408,9546,9237,18783,6
523,3537,40.68097410000001,-73.97100970000001,9438,9329,18767,24
524,3379,40.790305100000005,-73.94755757,9271,9482,18753,25
525,3339,40.6765304,-73.97846879,9247,9439,18686,24
526,3690,40.71334184275907,-74.00935515761375,9216,9347,18563,28
527,3533,40.8114323,-73.95187759999999,9151,9404,18555,21
528,144,40.69839895,-73.98068914,8676,9763,18439,20
529,400,40.71926081,-73.98178024,9218,9199,18417,17
530,3555,40.751047,-73.93796999999999,9154,9206,18360,3
531,3303,40.6849894,-73.99440329,9117,9220,18337,19
532,3105,40.724055,-73.955736,8951,9066,18017,27
533,3231,40.76780080148132,-73.96592080593109,8991,8962,17953,15
534,409,40.6906495,-73.95643107,9188,8760,17948,18
535,3386,40.6809591,-73.99905709,9040,8852,17892,19
536,3452,40.71915571696044,-73.94885390996933,8947,8850,17797,10
537,3580,40.6737236,-73.9631611,9063,8531,17594,6
538,3343,40.7997568,-73.9621128676,9072,8521,17593,0
539,3542,40.8086249,-73.9596214,9738,7842,17580,21
540,3571,40.676368,-73.95291800000001,8759,8679,17438,6
541,3074,40.70767788,-73.94016171,8673,8729,17402,10
542,3454,40.71036854235229,-73.94705951213838,8696,8622,17318,10
543,3544,40.6804836,-73.9646795,8661,8457,17118,6
544,385,40.75797322,-73.96603308,8528,8574,17102,4
545,3094,40.7169811,-73.94485918,8570,8486,17056,10
546,3699,40.76360467795863,-73.98917958140373,8488,8355,16843,11
547,3478,40.65708866668485,-74.00870203971863,7740,9101,16841,5
548,3157,40.77518615,-73.94446054,8383,8440,16823,25
549,3404,40.670492200000005,-73.98541675,8333,8405,16738,13
550,3613,40.745038,-73.957539,8297,8316,16613,22
551,3290,40.7779453,-73.94604100000001,8175,8277,16452,25
552,3583,40.6716493,-73.9631145,8633,7796,16429,6
553,3569,40.6758324,-73.95616770000001,8301,8122,16423,6
554,3666,40.7664255270288,-73.92062902450563,8168,8185,16353,8
555,3628,40.8025566,-73.9490782,8128,8190,16318,21
556,3509,40.8011939,-73.9500739,7849,8433,16282,21
557,3574,40.6769694,-73.96579,8254,7917,16171,6
558,419,40.69580705,-73.97355569,8044,7938,15982,1
559,3254,40.69231660719192,-74.01486575603484,7895,7933,15828,12
560,3182,40.686931,-74.016966,7882,7813,15695,5
561,3592,40.7633589,-73.92864709999999,7834,7827,15661,8
562,3332,40.68199044270703,-73.99079024791719,7764,7892,15656,19
563,396,40.680342423,-73.9557689392,8477,7174,15651,6
564,3068,40.7031724,-73.940636,7554,8090,15644,10
565,3344,40.679043,-74.011169,7347,8209,15556,5
566,3397,40.6763947,-73.99869893,7647,7850,15497,19
567,3049,40.68488,-73.96304,7727,7730,15457,1
568,289,40.684568299999995,-73.95881081,9037,6282,15319,6
569,3602,40.763154,-73.920827,7644,7625,15269,8
570,278,40.69766564,-73.98476437,7680,7585,15265,20
571,3067,40.7016657,-73.9437303,7379,7869,15248,18
572,3535,40.804038,-73.945925,7580,7641,15221,14
573,3705,40.72840059450829,-73.99968780577183,7571,7626,15197,2
574,3623,40.8109494,-73.9634,8452,6741,15193,21
575,3469,40.73181401720966,-73.95995020866394,7446,7690,15136,22
576,3297,40.668662700000006,-73.97988067,7755,7172,14927,13
577,3510,40.8078316,-73.949373,7322,7448,14770,21
578,3355,40.768008893059466,-73.96845281124116,7382,7387,14769,15
579,3241,40.686203000000006,-73.944694,7470,7217,14687,18
580,421,40.69573398,-73.97129668,7585,6979,14564,1
581,216,40.70037867,-73.99548059,7919,6599,14518,20
582,3676,40.675832943912894,-74.01472628116608,6865,7650,14515,5
583,3709,40.73804614248277,-73.99642959237099,7149,7364,14513,29
584,3611,40.7449067,-73.9534573,7172,7259,14431,22
585,397,40.68415748,-73.96922273,7842,6537,14379,24
586,3052,40.686312,-73.935775,7109,7179,14288,18
587,3447,40.76703432309872,-73.95622730255127,7131,7154,14285,15
588,3249,40.68035608404339,-73.94767910242079,7092,7113,14205,18
589,3579,40.672695,-73.954131,7127,7046,14173,6
590,3057,40.69128258,-73.9452416,7076,7068,14144,18
591,3502,40.79541210000001,-73.9441232,6959,7110,14069,14
592,3130,40.75325964,-73.94335788,6983,7076,14059,3
593,245,40.69327018,-73.97703874,7495,6528,14023,1
594,3673,40.67759206937376,-73.95563721656801,7021,6950,13971,6
595,3047,40.682368700000005,-73.944118,6888,6939,13827,18
596,3088,40.7160751,-73.95202900000001,6907,6907,13814,10
597,3363,40.7904828,-73.95033068,6822,6894,13716,25
598,3610,40.770845,-73.93417099999999,6802,6879,13681,8
599,3338,40.7862586,-73.94552579,6740,6846,13586,25
600,3347,40.6773429,-74.01275056,6290,7216,13506,5
601,3050,40.6851532,-73.94111,6821,6657,13478,18
602,3313,40.666318100000005,-73.9854617,6915,6563,13478,13
603,436,40.68216564,-73.95399026,7151,6224,13375,6
604,3405,40.6704836,-73.98208968,6699,6502,13201,13
605,3675,40.78459679884891,-73.94968539476396,6558,6587,13145,25
606,3541,40.813358,-73.956461,6135,6939,13074,21
607,3317,40.6686273,-73.98700053,6505,6510,13015,13
608,3324,40.6685455,-73.99333264,6206,6600,12806,13
609,3095,40.71929301,-73.94500379,6378,6345,12723,10
610,3381,40.6777287,-73.99364123,6287,6433,12720,19
611,372,40.694546087246025,-73.95801365375519,6400,6308,12708,1
612,3540,40.81,-73.9551508,6257,6417,12674,21
613,3042,40.6794268,-73.92989109999999,6332,6333,12665,18
614,3153,40.76817546742245,-73.95910263061523,6298,6343,12641,15
615,3144,40.77677702,-73.95900970000001,6269,6272,12541,15
616,3071,40.70538077,-73.94976519,6211,6320,12531,10
617,3399,40.67260298150126,-73.98983001708984,6113,6415,12528,13
618,3532,40.78145,-73.9183302,6250,6252,12502,8
619,3062,40.69539817,-73.94954908,6189,6310,12499,18
620,3371,40.674613422475815,-73.98501142859459,6013,6462,12475,13
621,3570,40.7557327,-73.92366109999999,6147,6163,12310,8
622,3390,40.79329668,-73.9432083,6015,6112,12127,14
623,3479,40.68512559515415,-74.02535319328308,6004,5986,11990,5
624,3629,40.809495347779475,-73.94776493310928,5786,6128,11914,21
625,3449,40.72146256229816,-73.94800901412964,5957,5937,11894,10
626,3578,40.67418060000001,-73.95649470000001,6017,5848,11865,6
627,3517,40.7711528,-73.9170074,5941,5913,11854,8
628,3055,40.68833370000001,-73.950916,6008,5781,11789,18
629,3058,40.69237074,-73.93705428,5972,5814,11786,18
630,3424,40.791976,-73.945993,5778,5931,11709,14
631,3041,40.67890679,-73.94142771,5766,5774,11540,18
632,3387,40.79343370000001,-73.94945003,5731,5799,11530,25
633,3605,40.765834600000005,-73.9265474,5759,5734,11493,8
634,3689,40.79904139288298,-73.96649479866028,6061,5409,11470,0
635,3545,40.8120562,-73.9612547,5842,5557,11399,21
636,3597,40.7577284,-73.9166368,5679,5704,11383,8
637,3643,40.75272201381188,-73.98123621940613,5807,5575,11382,26
638,3693,40.72248188638219,-73.95921930670737,5603,5758,11361,27
639,3591,40.7659,-73.930819,5641,5694,11335,8
640,3520,40.804372,-73.951475,5549,5763,11312,21
641,3120,40.741609999999994,-73.96044,5625,5641,11266,22
642,3568,40.756933200000006,-73.92622309999999,5577,5583,11160,8
643,373,40.69331716,-73.95381995,5369,5778,11147,18
644,3603,40.7647,-73.9240312,5584,5556,11140,8
645,3121,40.74524768,-73.94733276,5560,5578,11138,22
646,3662,40.76129389728909,-73.916916847229,5556,5498,11054,8
647,3054,40.6894932,-73.942061,5566,5454,11020,18
648,3056,40.69072549,-73.95133465,5558,5444,11002,18
649,3491,40.79747,-73.93504,5401,5468,10869,14
650,3511,40.802535,-73.9532423,5337,5521,10858,21
651,3531,40.8125511,-73.9492286,5278,5558,10836,21
652,3494,40.797911,-73.9423,5384,5421,10805,14
653,3588,40.7671863,-73.9373554,5324,5418,10742,3
654,3514,40.7767,-73.927631,5354,5376,10730,8
655,3614,40.768692,-73.9249574,5331,5362,10693,8
656,3348,40.677236,-74.015665,5121,5566,10687,5
657,3556,40.7527085,-73.9397405,5339,5336,10675,3
658,3653,40.75820464696758,-73.92832159996033,5333,5337,10670,8
659,3595,40.760339,-73.9222427,5325,5342,10667,8
660,3302,40.7969347,-73.9643412291,5743,4916,10659,0
661,3524,40.777455200000006,-73.9225403,5186,5190,10376,8
662,3060,40.69425403,-73.94626915,5159,5205,10364,18
663,3066,40.69957608,-73.94708417,5122,5224,10346,18
664,3504,40.8029263,-73.9379,5095,5248,10343,14
665,3617,40.7671,-73.9169858,5187,5147,10334,8
666,3072,40.70583339,-73.94644578,5002,5146,10148,10
667,3616,40.7656251,-73.9136695,5053,5061,10114,8
668,3618,40.7485,-73.941275,5059,5055,10114,3
669,3070,40.70510918,-73.94407279,4978,5078,10056,10
670,3046,40.682601,-73.938037,4985,5062,10047,18
671,3493,40.799139,-73.9389152,4995,5046,10041,14
672,443,40.70853074,-73.96408963,5695,4302,9997,27
673,3619,40.7713615,-73.9246145,4916,4944,9860,8
674,3322,40.668603,-73.99043940000001,4726,5039,9765,13
675,3091,40.71764,-73.94882,4936,4783,9719,10
676,3309,40.7859201,-73.94860294,4775,4803,9578,25
677,3391,40.7892529,-73.93956237,4662,4840,9502,14
678,3069,40.70411791,-73.94818595,4612,4880,9492,10
679,3122,40.74436328706688,-73.95587325096129,4719,4760,9479,22
680,3048,40.68402,-73.94977,4690,4662,9352,18
681,3622,40.807559999999995,-73.93918199999999,4521,4589,9110,14
682,3441,40.752957,-74.00264,4480,4544,9024,29
683,3501,40.8014866,-73.9442507,4486,4506,8992,14
684,3560,40.754876,-73.934326,4538,4448,8986,3
685,3604,40.6630619,-73.95387459999999,4269,4453,8722,6
686,3421,40.6843549,-73.98901629,4264,4428,8692,19
687,3401,40.6724811,-73.99331394,4233,4405,8638,13
688,3575,40.76108,-73.930562,4294,4308,8602,8
689,3530,40.7787185,-73.9145645,4276,4293,8569,8
690,3515,40.774591,-73.918544,4272,4264,8536,8
691,3053,40.6900815,-73.94791500000001,4364,4143,8507,18
692,3316,40.7989937,-73.96621737779999,4664,3806,8470,0
693,3528,40.7713937,-73.9077436,4214,4248,8462,8
694,3123,40.74469738,-73.93540375,4188,4225,8413,3
695,3490,40.796879,-73.93726099999999,4142,4225,8367,14
696,3495,40.79456629999999,-73.9362541,4119,4174,8293,14
697,3500,40.7989445,-73.944846,4127,4163,8290,14
698,3065,40.70029511,-73.95032283,4077,4195,8272,18
699,3563,40.757186,-73.93271899999999,4127,4122,8249,3
700,3063,40.69527008,-73.95238108,4081,4129,8210,18
701,3565,40.7614376,-73.9411265,3955,4000,7955,3
702,3392,40.681211700000006,-74.00860912,3709,4243,7952,5
703,3221,40.743,-73.93561,3954,3980,7934,3
704,3649,40.81439443791581,-73.95324736833571,3977,3906,7883,21
705,3498,40.7974772,-73.9311847,3844,3983,7827,14
706,3606,40.74252,-73.948852,3868,3877,7745,22
707,3527,40.80698,-73.94174699999999,3853,3864,7717,14
708,3551,40.795508,-73.94160600000001,3791,3839,7630,14
709,3499,40.8006721,-73.9349,3789,3818,7607,14
710,3523,40.7729,-73.91614200000001,3770,3791,7561,8
711,3179,40.698617,-73.941342,3761,3754,7515,18
712,3598,40.7595701,-73.91426779999999,3749,3750,7499,8
713,3609,40.7692475,-73.93545040000001,3677,3779,7456,8
714,3327,40.787721399999995,-73.94728331,3723,3731,7454,25
715,3589,40.7668,-73.93477740000002,3699,3738,7437,8
716,3608,40.7423737,-73.9566,3694,3706,7400,22
717,3561,40.7531106,-73.9279917,3684,3683,7367,3
718,3127,40.74966,-73.9521,3645,3702,7347,22
719,3455,40.68680820503432,-73.98036181926726,3596,3732,7328,24
720,3573,40.7580583,-73.92427509999999,3661,3659,7320,8
721,3582,40.6721683,-73.9609,3837,3393,7230,6
722,3059,40.6933982,-73.939877,3635,3589,7224,18
723,3522,40.7701477,-73.9120938,3581,3601,7182,8
724,3299,40.788129999999995,-73.95206,3572,3582,7154,25
725,3577,40.7628138,-73.9342862,3594,3559,7153,3
726,3352,40.67267243410948,-74.00879524648191,3255,3805,7060,5
727,119,40.69608941,-73.97803415,3235,3796,7031,1
728,3154,40.77314236,-73.95856158,3511,3503,7014,15
729,3503,40.80295,-73.942954,3458,3468,6926,14
730,3543,40.81028506306003,-73.95736455917357,3540,3369,6909,21
731,3075,40.70708701,-73.95796783,3569,3287,6856,27
732,152,40.71473993,-74.00910627,3387,3455,6842,28
733,3043,40.6814598,-73.934903,3437,3401,6838,18
734,3607,40.7682,-73.9322662,3386,3401,6787,8
735,3654,40.75186951421875,-73.93349289894103,3401,3372,6773,3
736,3456,40.716380319735606,-73.94821286201476,3373,3286,6659,10
737,3393,40.67943270000001,-74.00785041,3210,3421,6631,5
738,3712,40.754691750226016,-73.9974018931389,3322,3294,6616,11
739,3342,40.677774799999995,-74.0094613,3042,3571,6613,5
740,3566,40.7596276,-73.93214549999999,3291,3261,6552,3
741,3103,40.72153267,-73.95782357,3242,3289,6531,27
742,3630,40.8038654,-73.95593079999999,3235,3282,6517,21
743,3506,40.8013066,-73.93981670000001,3199,3213,6412,14
744,3554,40.7552433,-73.94856779999999,3177,3187,6364,3
745,3073,40.70691254,-73.95441667,3217,3131,6348,27
746,430,40.7014851,-73.98656928,3019,3168,6187,20
747,3546,40.67919439999999,-73.95879029999999,3169,3011,6180,6
748,3128,40.75052534,-73.94594845,2998,3022,6020,3
749,3061,40.69622937,-73.94371094,3085,2931,6016,18
750,3513,40.774645,-73.92370600000001,2898,2904,5802,8
751,3587,40.6686744,-73.9618148,2898,2865,5763,6
752,3477,40.65539977447831,-74.0106278657913,2521,3227,5748,5
753,3337,40.67363551341504,-74.01195555925368,2577,3150,5727,5
754,3505,40.805726,-73.936322,2847,2862,5709,14
755,3340,40.6753274,-74.0100698,2584,2940,5524,5
756,3715,40.71816969454208,-73.95520135760306,2707,2795,5502,27
757,3585,40.6691783,-73.9554162,2709,2683,5392,6
758,449,40.76461837,-73.98789473,2701,2669,5370,11
759,3326,40.67434,-74.00194698,2565,2761,5326,5
760,3646,40.763154819103725,-73.93985509872438,2583,2591,5174,3
761,2001,40.699773,-73.979927,2385,2773,5158,20
762,3612,40.77037429999999,-73.9286078,2480,2494,4974,8
763,3330,40.6725058,-74.00494695,2388,2537,4925,5
764,3601,40.6627059,-73.9569115,2348,2533,4881,6
765,3691,40.76408932350689,-73.9106512069702,2352,2365,4717,8
766,3525,40.776165,-73.9153175,2353,2363,4716,8
767,3621,40.7739825,-73.93091340000001,2349,2348,4697,8
768,3044,40.6800105,-73.938475,2284,2214,4498,18
769,3647,40.74128309355993,-73.93725872039794,2161,2167,4328,3
770,3669,40.67630357634183,-74.00314047932625,2000,2073,4073,5
771,3492,40.8005385,-73.9419949,2032,2017,4049,14
772,3631,40.666563,-73.95674100000001,1995,2030,4025,6
773,3661,40.666439306870814,-73.96055638790129,1971,2010,3981,6
774,3625,40.752575799999995,-73.9364281,1967,1907,3874,3
775,3718,40.727464206923926,-73.97950418293476,2014,1853,3867,9
776,3644,40.67581622522832,-74.01488184928894,1804,2059,3863,5
777,3394,40.6769993,-74.00647134,1774,2034,3808,5
778,3590,40.6679411,-73.9588,1812,1852,3664,6
779,3692,40.6999974843885,-73.97440128028394,1769,1885,3654,1
780,3586,40.763875299999995,-73.9364848,1645,1603,3248,3
781,3557,40.75742,-73.945133,1550,1566,3116,3
782,3700,40.779406085297865,-73.95333588123322,1520,1523,3043,25
783,3596,40.6642406,-73.9574686,1416,1558,2974,6
784,2005,40.70531194,-73.97100056,1333,1558,2891,1
785,3564,40.7601853,-73.9362726,1402,1372,2774,3
786,3559,40.7576314,-73.9391224,1364,1305,2669,3
787,3567,40.76274420000001,-73.9391141,1268,1171,2439,3
788,3325,40.7849032,-73.950503,1166,1172,2338,25
789,3432,40.66906013501107,-73.99463653564453,812,1474,2286,13
790,3620,40.7519071,-73.94791190000001,1134,1135,2269,3
791,3512,40.7747175,-73.93378940000001,1050,1197,2247,8
792,3333,40.6747055,-74.00755720000001,846,1298,2144,5
793,3238,40.77391390238118,-73.9543953537941,716,681,1397,15
794,3714,40.70684203101325,-73.9544353965357,659,607,1266,27
795,3468,40.730380100000005,-73.9747502,299,429,728,9
796,3642,40.78728519860952,-73.95012259483337,268,272,540,25
797,3719,40.683222541615955,-73.9738118648529,222,257,479,24
798,3721,40.7675487799971,-73.92093345522879,238,240,478,8
799,3704,40.7437524099784,-73.94176483154297,224,243,467,3
800,3395,40.6763744,-74.00324957,225,239,464,5
801,3239,40.646538367096475,-74.0165877342224,170,170,340,5
802,3716,40.7535992020056,-73.9379560947418,106,105,211,3
803,3245,40.71644423134479,-73.9823305606842,5,169,174,17
804,3683,40.71015471094912,-73.98453533649443,91,78,169,17
805,3240,40.759030082196055,-73.9938586950302,73,80,153,11
806,3685,40.66065236872916,-73.9645904302597,71,70,141,6
807,3720,40.68461653897949,-73.98721285164356,62,72,134,19
808,3485,40.725208,-73.974724,32,59,91,9
809,3040,40.66979964220026,-73.99497985839844,9,16,25,13
810,3487,40.65659567482039,-74.00849282741547,12,13,25,5
811,3192,40.711242299999995,-74.0557013,0,16,16,23
812,3214,40.712774200000005,-74.03648570000001,0,16,16,7
813,3594,40.6661649,-73.95934840000001,5,9,14,6
814,3184,40.7141454,-74.0335519,0,12,12,7
815,3199,40.728744799999994,-74.03210820000001,0,12,12,7
816,3267,40.7124188237569,-74.03852552175522,0,12,12,7
817,3183,40.7162469,-74.0334588,0,10,10,7
818,3639,40.71925170000001,-74.034234,0,9,9,7
819,3198,40.748715945380226,-74.04044330120088,0,9,9,7
820,3276,40.71458403535893,-74.04281705617905,0,8,8,7
821,3203,40.727595966,-74.044247311,0,5,5,7
822,3672,40.669767091850034,-73.99474382400513,3,2,5,13
823,428,40.72467721,-73.98783413,1,4,5,17
824,3036,40.66290776831685,-73.99972200393677,2,2,4,13
825,3186,40.71958611647166,-74.0431174635887,0,3,3,7
826,3185,40.7177325,-74.04384499999999,0,3,3,7
827,3250,40.716909780459645,-73.98383796215056,1,2,3,17
828,3638,40.7242941,-74.0354826,0,3,3,7
829,3191,40.71821129999999,-74.08363940000001,0,3,3,23
830,3270,40.72528910781132,-74.04557168483734,0,3,3,7
831,3681,40.71517767732029,-74.03768330812454,0,3,3,7
832,3213,40.71848892,-74.047726625,0,3,3,7
833,3481,40.71649,-74.04105,0,2,2,7
834,3678,40.72572613742557,-74.07195925712584,0,2,2,23
835,3275,40.71835519823214,-74.03891444206238,0,2,2,7
836,3196,40.7443187,-74.04399090000001,0,2,2,7
837,3268,40.71346382669195,-74.06285852193831,0,2,2,23
838,3187,40.721123600000006,-74.03805095,0,2,2,7
839,3428,40.740983,-74.00170200000001,0,1,1,29
840,3202,40.7272235,-74.03375890000001,0,1,1,7
841,3195,40.730742625306576,-74.06378388404845,0,1,1,23
842,3277,40.71435836870427,-74.06661093235016,0,1,1,23
843,3279,40.72163014263835,-74.04996782541275,0,1,1,7
