model_name,overall_rmse,overall_mae,overall_mape,overall_r2,num_days,total_hours,total_time,status,day,date,rmse,mae,mape,r2,mean_actual,mean_predicted
"sarima_2_years_(2,0,0)(0,1,1,24)",101.68725225315991,66.42124502922536,inf,0.5596835578571699,30.0,720.0,87.49033498764038,success,,,,,,,,
"sarima_2_years_(2,0,0)(0,1,1,24)",,,,,,,,,1.0,2019-11-01,33.11528028045622,25.89055018707217,42.466031872985894,0.9703431588355032,256.875,263.2027698118473
"sarima_2_years_(2,0,0)(0,1,1,24)",,,,,,,,,2.0,2019-11-02,112.31200141191293,86.80990893807446,68.79010753872366,0.5775256646234401,223.375,257.4925647027933
"sarima_2_years_(2,0,0)(0,1,1,24)",,,,,,,,,3.0,2019-11-03,124.49964288884333,86.3227426315019,130.09812516711062,0.19598479431383797,180.875,262.4159044550795
"sarima_2_years_(2,0,0)(0,1,1,24)",,,,,,,,,4.0,2019-11-04,39.16468206795887,29.84130928446076,34.94946571458997,0.9579573331619468,255.29166666666666,250.50657084690724
"sarima_2_years_(2,0,0)(0,1,1,24)",,,,,,,,,5.0,2019-11-05,60.28635551513988,42.48681344363623,25.031858139771867,0.909276087634328,281.9166666666667,249.10087047088942
"sarima_2_years_(2,0,0)(0,1,1,24)",,,,,,,,,6.0,2019-11-06,49.11951893993827,29.078851460224044,19.02162668121147,0.9370569544179997,272.5833333333333,248.8729824294453
"sarima_2_years_(2,0,0)(0,1,1,24)",,,,,,,,,7.0,2019-11-07,123.4466484503559,72.229362991816,43.96160684596882,0.384426911452318,214.20833333333334,250.8882942744915
"sarima_2_years_(2,0,0)(0,1,1,24)",,,,,,,,,8.0,2019-11-08,92.46459782751862,71.0819356688286,48.683413679037095,0.5049580045628583,180.91666666666666,250.52939311737774
"sarima_2_years_(2,0,0)(0,1,1,24)",,,,,,,,,9.0,2019-11-09,144.41684886479564,99.32183709898491,164.73727029886857,-0.5918327791828975,148.75,247.1096542895883
"sarima_2_years_(2,0,0)(0,1,1,24)",,,,,,,,,10.0,2019-11-10,125.98289623065624,87.57110356778556,154.8587199074279,-0.024926413029082273,161.25,242.33993580965657
"sarima_2_years_(2,0,0)(0,1,1,24)",,,,,,,,,11.0,2019-11-11,25.116283061255416,17.825778966532855,16.800593401924502,0.979972690350447,241.70833333333334,235.4957690667392
"sarima_2_years_(2,0,0)(0,1,1,24)",,,,,,,,,12.0,2019-11-12,123.86499100658072,99.93550238741925,73.88348650440277,-0.5982097358362863,140.08333333333334,237.47169341846063
"sarima_2_years_(2,0,0)(0,1,1,24)",,,,,,,,,13.0,2019-11-13,93.4737287301488,70.68501727984066,48.80798556925641,0.3607371593119528,159.0,229.6850172798407
"sarima_2_years_(2,0,0)(0,1,1,24)",,,,,,,,,14.0,2019-11-14,40.70876628118904,26.86871919543346,29.329790051984578,0.9194805771261062,203.45833333333334,225.72674884767846
"sarima_2_years_(2,0,0)(0,1,1,24)",,,,,,,,,15.0,2019-11-15,24.126924108653935,19.75730912233063,14.186941454825854,0.9756193427410306,216.45833333333334,226.331716188184
"sarima_2_years_(2,0,0)(0,1,1,24)",,,,,,,,,16.0,2019-11-16,127.75921843048138,89.17531883638394,213.7641741401945,-0.3440174751806273,148.20833333333334,225.74383028258944
"sarima_2_years_(2,0,0)(0,1,1,24)",,,,,,,,,17.0,2019-11-17,137.6764350565735,101.3922654948509,460.7995932168234,-1.1260705101815995,123.45833333333333,223.17725180457478
"sarima_2_years_(2,0,0)(0,1,1,24)",,,,,,,,,18.0,2019-11-18,124.16859433562037,93.82674337357435,106.62783665792502,-0.44883540539221034,123.70833333333333,214.11076920821722
"sarima_2_years_(2,0,0)(0,1,1,24)",,,,,,,,,19.0,2019-11-19,50.068912644372546,37.854159659776485,inf,0.9047886056059805,221.29166666666666,206.78876534842917
"sarima_2_years_(2,0,0)(0,1,1,24)",,,,,,,,,20.0,2019-11-20,41.948996489344225,33.61624079183255,42.2699340338328,0.925196483686495,211.04166666666666,212.47290532423912
"sarima_2_years_(2,0,0)(0,1,1,24)",,,,,,,,,21.0,2019-11-21,48.56465978095971,32.592307353499585,13.930457451436062,0.9194119284278851,242.875,210.51893612402418
"sarima_2_years_(2,0,0)(0,1,1,24)",,,,,,,,,22.0,2019-11-22,76.85237517184873,55.411544876257956,54.73063009314664,0.6589460195721388,176.0,218.97765085160577
"sarima_2_years_(2,0,0)(0,1,1,24)",,,,,,,,,23.0,2019-11-23,110.67349446113471,79.00164174598366,107.89893834714171,0.27994342503858316,155.83333333333334,213.13537305556602
"sarima_2_years_(2,0,0)(0,1,1,24)",,,,,,,,,24.0,2019-11-24,169.58491358646296,136.411489290398,448.311615330557,-7.075358362821447,72.0,208.411489290398
"sarima_2_years_(2,0,0)(0,1,1,24)",,,,,,,,,25.0,2019-11-25,41.26368495297036,31.16575556101442,59.276619862014826,0.9346596720175263,215.625,202.1822774851918
"sarima_2_years_(2,0,0)(0,1,1,24)",,,,,,,,,26.0,2019-11-26,42.218152592598656,33.109136353932975,25.353216706559916,0.9324523072322037,231.04166666666666,201.29677782616602
"sarima_2_years_(2,0,0)(0,1,1,24)",,,,,,,,,27.0,2019-11-27,73.90458774111521,46.10530128599535,32.1697233717356,0.647457119581041,175.0,204.68042103226284
"sarima_2_years_(2,0,0)(0,1,1,24)",,,,,,,,,28.0,2019-11-28,196.0774675197731,152.44380387406383,354.76851802915303,-32.368156891970855,49.75,201.6117391249475
"sarima_2_years_(2,0,0)(0,1,1,24)",,,,,,,,,29.0,2019-11-29,143.68674933503004,114.11331078786111,165.90112730615908,-4.873026954647828,77.70833333333333,191.30410187476136
"sarima_2_years_(2,0,0)(0,1,1,24)",,,,,,,,,30.0,2019-11-30,116.94887444007887,90.71158936739424,171.0556314756928,-1.458794337355775,98.20833333333333,184.23128908797503
"sarima_2_years_(2,0,0)(1,1,1,24)",97.62426318563294,63.61240401704721,inf,0.5941669454527578,30.0,720.0,86.78042316436768,success,,,,,,,,
"sarima_2_years_(2,0,0)(1,1,1,24)",,,,,,,,,1.0,2019-11-01,42.14959109291238,33.793400847907556,40.35943995922264,0.9519542748706233,256.875,256.30876443118956
"sarima_2_years_(2,0,0)(1,1,1,24)",,,,,,,,,2.0,2019-11-02,113.91212670044065,87.1109818007488,70.68639907327862,0.5654018046879234,223.375,260.1068063362962
"sarima_2_years_(2,0,0)(1,1,1,24)",,,,,,,,,3.0,2019-11-03,110.46144846447112,79.89746251644317,116.57599014533082,0.36707898135388994,180.875,259.6833852534602
"sarima_2_years_(2,0,0)(1,1,1,24)",,,,,,,,,4.0,2019-11-04,55.87896224902767,40.39431660058168,26.493111446525646,0.9144149892306722,255.29166666666666,238.68235068162448
"sarima_2_years_(2,0,0)(1,1,1,24)",,,,,,,,,5.0,2019-11-05,50.73458159145346,36.53900491808216,20.95364549556807,0.9357472269327727,281.9166666666667,254.62453909569442
"sarima_2_years_(2,0,0)(1,1,1,24)",,,,,,,,,6.0,2019-11-06,36.63513711778835,18.927602438575473,14.497145041437816,0.9649865273771874,272.5833333333333,259.6535293222021
"sarima_2_years_(2,0,0)(1,1,1,24)",,,,,,,,,7.0,2019-11-07,127.18212064871102,72.47367962257347,43.03943282164624,0.3466090080662475,214.20833333333334,259.4036205269488
"sarima_2_years_(2,0,0)(1,1,1,24)",,,,,,,,,8.0,2019-11-08,81.86081997297947,66.04582335383175,49.585263505237045,0.6119897007740762,180.91666666666666,246.96249002049842
"sarima_2_years_(2,0,0)(1,1,1,24)",,,,,,,,,9.0,2019-11-09,136.07028362548112,89.970382106837,154.62002704417873,-0.41315010267834973,148.75,237.26626598655955
"sarima_2_years_(2,0,0)(1,1,1,24)",,,,,,,,,10.0,2019-11-10,103.5874563375162,72.88062589035216,126.73460819572668,0.30707880354186246,161.25,227.64752372045487
"sarima_2_years_(2,0,0)(1,1,1,24)",,,,,,,,,11.0,2019-11-11,40.072938776341346,26.310029811525528,17.84843108449439,0.9490183061608007,241.70833333333334,224.9425756043664
"sarima_2_years_(2,0,0)(1,1,1,24)",,,,,,,,,12.0,2019-11-12,132.64027271829673,106.59110413128269,76.35966236025075,-0.8326833459350136,140.08333333333334,244.44244145641062
"sarima_2_years_(2,0,0)(1,1,1,24)",,,,,,,,,13.0,2019-11-13,78.30971122732608,57.46617222773906,36.87964060075773,0.5513253108265977,159.0,216.22791828688932
"sarima_2_years_(2,0,0)(1,1,1,24)",,,,,,,,,14.0,2019-11-14,30.32218201543133,20.296583690908278,23.10051370165255,0.9553269430075997,203.45833333333334,218.2937561719729
"sarima_2_years_(2,0,0)(1,1,1,24)",,,,,,,,,15.0,2019-11-15,25.87720287553954,20.418843525698247,15.39554294616201,0.9719536626008144,216.45833333333334,228.8343633461205
"sarima_2_years_(2,0,0)(1,1,1,24)",,,,,,,,,16.0,2019-11-16,134.18488112336226,92.80326717513401,218.00306246929733,-0.4826122850731218,148.20833333333334,230.42281390188916
"sarima_2_years_(2,0,0)(1,1,1,24)",,,,,,,,,17.0,2019-11-17,121.88198404825035,91.83838825057148,389.65462964238236,-0.6662396704190483,123.45833333333333,214.60870052884093
"sarima_2_years_(2,0,0)(1,1,1,24)",,,,,,,,,18.0,2019-11-18,114.88790644078396,88.69282939987478,98.38977219804549,-0.24034971747338507,123.70833333333333,201.79171751665527
"sarima_2_years_(2,0,0)(1,1,1,24)",,,,,,,,,19.0,2019-11-19,49.57828913660812,36.35114406959388,inf,0.9066454096217222,221.29166666666666,196.8644012670476
"sarima_2_years_(2,0,0)(1,1,1,24)",,,,,,,,,20.0,2019-11-20,35.43877371188075,26.681026194386053,42.56683460940602,0.946612912052294,211.04166666666666,223.69519245368338
"sarima_2_years_(2,0,0)(1,1,1,24)",,,,,,,,,21.0,2019-11-21,37.238341756459185,25.076425297200544,12.71629051915525,0.9526182901492157,242.875,218.1257644938768
"sarima_2_years_(2,0,0)(1,1,1,24)",,,,,,,,,22.0,2019-11-22,86.78874131339208,63.07800102903642,60.45580429032227,0.5650540272978366,176.0,232.83298850767537
"sarima_2_years_(2,0,0)(1,1,1,24)",,,,,,,,,23.0,2019-11-23,115.85637555165304,84.16756568706744,109.12079412108653,0.2109232437628673,155.83333333333334,211.6124299268694
"sarima_2_years_(2,0,0)(1,1,1,24)",,,,,,,,,24.0,2019-11-24,164.61095630121267,132.19906310606856,398.08894194588106,-6.608601722500865,72.0,204.1990631060686
"sarima_2_years_(2,0,0)(1,1,1,24)",,,,,,,,,25.0,2019-11-25,57.70076732711435,40.91665860864799,56.25136973627016,0.8722360090391558,215.625,183.2641048755568
"sarima_2_years_(2,0,0)(1,1,1,24)",,,,,,,,,26.0,2019-11-26,27.307773403628644,21.39750893839584,18.40560146601874,0.9717391871023818,231.04166666666666,212.41647385015008
"sarima_2_years_(2,0,0)(1,1,1,24)",,,,,,,,,27.0,2019-11-27,86.36692700360243,52.27240010911757,36.84904529480779,0.5185357048928694,175.0,218.39281941442346
"sarima_2_years_(2,0,0)(1,1,1,24)",,,,,,,,,28.0,2019-11-28,196.53263510887393,154.15522099587585,351.005075035547,-32.52325612180117,49.75,202.9042183865519
"sarima_2_years_(2,0,0)(1,1,1,24)",,,,,,,,,29.0,2019-11-29,116.12943708147937,92.34471848160167,137.52879657868183,-2.836305605266597,77.70833333333333,169.2687589846074
"sarima_2_years_(2,0,0)(1,1,1,24)",,,,,,,,,30.0,2019-11-30,100.10715032220672,77.28188968575732,146.27512822026037,-0.8016080311774585,98.20833333333333,170.8865235396796
"sarima_2_years_(2,0,1)(0,1,1,24)",102.0787939970509,66.6699501273368,inf,0.5562861962999923,30.0,720.0,83.41862487792969,success,,,,,,,,
"sarima_2_years_(2,0,1)(0,1,1,24)",,,,,,,,,1.0,2019-11-01,34.21209254583775,27.08683445521275,49.70024633986835,0.9683460948144923,256.875,265.0871690430715
"sarima_2_years_(2,0,1)(0,1,1,24)",,,,,,,,,2.0,2019-11-02,112.44614110565016,87.09226035411325,68.96909127098274,0.5765158986240426,223.375,257.33986095033384
"sarima_2_years_(2,0,1)(0,1,1,24)",,,,,,,,,3.0,2019-11-03,125.04457260067751,86.08074712888373,129.29429521860223,0.18893110955859505,180.875,262.50849503123544
"sarima_2_years_(2,0,1)(0,1,1,24)",,,,,,,,,4.0,2019-11-04,38.90418990360986,29.26342619425377,27.974285499749268,0.9585147416964652,255.29166666666666,250.09763035417924
"sarima_2_years_(2,0,1)(0,1,1,24)",,,,,,,,,5.0,2019-11-05,60.17380028767801,42.59325272377409,25.535107211613184,0.9096145362953985,281.9166666666667,249.48072833771698
"sarima_2_years_(2,0,1)(0,1,1,24)",,,,,,,,,6.0,2019-11-06,49.16491097776362,28.68469817997057,14.6003387882334,0.9369405675593017,272.5833333333333,249.41537256379425
"sarima_2_years_(2,0,1)(0,1,1,24)",,,,,,,,,7.0,2019-11-07,123.8149123504527,72.42413644147466,42.916784998569284,0.38074869931675526,214.20833333333334,251.14556909439182
"sarima_2_years_(2,0,1)(0,1,1,24)",,,,,,,,,8.0,2019-11-08,92.85670669202054,70.90692575004948,44.4150981505629,0.500750514666588,180.91666666666666,250.0855857548946
"sarima_2_years_(2,0,1)(0,1,1,24)",,,,,,,,,9.0,2019-11-09,144.70821682502879,99.76698197543824,158.0999704456761,-0.5982624576053281,148.75,246.48353448118374
"sarima_2_years_(2,0,1)(0,1,1,24)",,,,,,,,,10.0,2019-11-10,126.4321576354753,88.24709939432084,153.02296706626464,-0.03224932598967123,161.25,241.8392101389824
"sarima_2_years_(2,0,1)(0,1,1,24)",,,,,,,,,11.0,2019-11-11,24.863830505467128,17.48393848019538,12.104109942199319,0.9803732700026976,241.70833333333334,235.03541376696103
"sarima_2_years_(2,0,1)(0,1,1,24)",,,,,,,,,12.0,2019-11-12,124.419131905465,100.57192810039584,75.21973352008189,-0.6125417020068846,140.08333333333334,238.0900730268389
"sarima_2_years_(2,0,1)(0,1,1,24)",,,,,,,,,13.0,2019-11-13,94.01933380403312,70.68257720470521,40.2558269974852,0.3532526397292276,159.0,229.3829228129517
"sarima_2_years_(2,0,1)(0,1,1,24)",,,,,,,,,14.0,2019-11-14,41.265432793421795,27.646076086784095,21.89312291852296,0.9172634170500907,203.45833333333334,225.53878227991603
"sarima_2_years_(2,0,1)(0,1,1,24)",,,,,,,,,15.0,2019-11-15,24.531859229379588,19.930715380207904,13.12999370356387,0.9747940877033111,216.45833333333334,226.66680613394647
"sarima_2_years_(2,0,1)(0,1,1,24)",,,,,,,,,16.0,2019-11-16,128.34778240335103,89.72559375799585,209.7914663848492,-0.35642929744081053,148.20833333333334,225.86395745693656
"sarima_2_years_(2,0,1)(0,1,1,24)",,,,,,,,,17.0,2019-11-17,138.41046472870988,102.41837698548709,457.43890077666504,-1.1488014742600052,123.45833333333333,223.02902567634274
"sarima_2_years_(2,0,1)(0,1,1,24)",,,,,,,,,18.0,2019-11-18,124.92185087587868,94.40485718416437,103.43366198491883,-0.4664671587094784,123.70833333333333,214.01652176231394
"sarima_2_years_(2,0,1)(0,1,1,24)",,,,,,,,,19.0,2019-11-19,50.30548075411118,39.05228574221451,inf,0.9038867609435252,221.29166666666666,205.86053853375333
"sarima_2_years_(2,0,1)(0,1,1,24)",,,,,,,,,20.0,2019-11-20,42.11275582045953,34.019104865682564,49.73363785323841,0.9246113119309038,211.04166666666666,213.87612150001237
"sarima_2_years_(2,0,1)(0,1,1,24)",,,,,,,,,21.0,2019-11-21,47.987567267098235,32.16156431430613,15.843656961291188,0.9213158006538807,242.875,211.41130086253645
"sarima_2_years_(2,0,1)(0,1,1,24)",,,,,,,,,22.0,2019-11-22,77.46427951794605,56.25192800843536,59.11025848019516,0.6534934040949617,176.0,220.4502052459463
"sarima_2_years_(2,0,1)(0,1,1,24)",,,,,,,,,23.0,2019-11-23,111.14546608373703,79.03255958641995,106.2077846637834,0.2737889087140548,155.83333333333334,213.470844818774
"sarima_2_years_(2,0,1)(0,1,1,24)",,,,,,,,,24.0,2019-11-24,170.1715567075271,136.0141288049788,426.4177313131552,-7.131324984723822,72.0,207.87074017210853
"sarima_2_years_(2,0,1)(0,1,1,24)",,,,,,,,,25.0,2019-11-25,40.57029146836872,30.43387478730755,52.43014623777419,0.936837174723317,215.625,202.37418561295195
"sarima_2_years_(2,0,1)(0,1,1,24)",,,,,,,,,26.0,2019-11-26,41.51183013881768,32.53722667433065,26.515593392192176,0.9346935870635216,231.04166666666666,202.02874328889752
"sarima_2_years_(2,0,1)(0,1,1,24)",,,,,,,,,27.0,2019-11-27,74.38869959602539,46.163774226048986,32.10557287379235,0.6428233294369843,175.0,205.35030212964003
"sarima_2_years_(2,0,1)(0,1,1,24)",,,,,,,,,28.0,2019-11-28,196.76689805118102,152.56050674670428,348.0976985530484,-32.60322184426047,49.75,201.5982318357716
"sarima_2_years_(2,0,1)(0,1,1,24)",,,,,,,,,29.0,2019-11-29,144.37621511721966,115.21005671574783,170.92356287284616,-4.929524385275213,77.70833333333333,190.73873965445898
"sarima_2_years_(2,0,1)(0,1,1,24)",,,,,,,,,30.0,2019-11-30,117.72600925842754,91.65106757050002,158.29972766641828,-1.4915806888227023,98.20833333333333,183.87417935959056
"sarima_2_years_(2,0,1)(1,1,1,24)",97.89619147571479,63.83678007372061,inf,0.5919029347846467,30.0,720.0,73.3670539855957,success,,,,,,,,
"sarima_2_years_(2,0,1)(1,1,1,24)",,,,,,,,,1.0,2019-11-01,42.35882739004483,34.216628801892924,45.28104345393884,0.9514760798816599,256.875,257.6884760656963
"sarima_2_years_(2,0,1)(1,1,1,24)",,,,,,,,,2.0,2019-11-02,113.94731686282854,87.47698989789158,71.79619020940433,0.5651332477961359,223.375,259.62299700605115
"sarima_2_years_(2,0,1)(1,1,1,24)",,,,,,,,,3.0,2019-11-03,110.96777788390447,79.90920876304078,116.23586899843713,0.3612633595571102,180.875,259.75531293616524
"sarima_2_years_(2,0,1)(1,1,1,24)",,,,,,,,,4.0,2019-11-04,55.60274236290679,40.02882311621125,23.31996694762155,0.9152590225437461,255.29166666666666,238.44479704715104
"sarima_2_years_(2,0,1)(1,1,1,24)",,,,,,,,,5.0,2019-11-05,50.838201579344926,36.72268925949979,21.81704879827863,0.9354844999975933,281.9166666666667,254.84484892442967
"sarima_2_years_(2,0,1)(1,1,1,24)",,,,,,,,,6.0,2019-11-06,36.87315446354738,18.846653628933144,12.096733894114555,0.9645300865533344,272.5833333333333,259.83759910784715
"sarima_2_years_(2,0,1)(1,1,1,24)",,,,,,,,,7.0,2019-11-07,127.34913769765329,72.66572226022954,43.31849450838285,0.34489179988582574,214.20833333333334,259.3836086151174
"sarima_2_years_(2,0,1)(1,1,1,24)",,,,,,,,,8.0,2019-11-08,82.15940867374734,65.75434125099697,45.0939247272335,0.6091539905140761,180.91666666666666,246.58791946907968
"sarima_2_years_(2,0,1)(1,1,1,24)",,,,,,,,,9.0,2019-11-09,136.31218446198992,90.42331980233207,150.129253556619,-0.4181790633034965,148.75,236.9363432032579
"sarima_2_years_(2,0,1)(1,1,1,24)",,,,,,,,,10.0,2019-11-10,104.15158930382216,73.5154387569029,126.49019004098194,0.29951101270046665,161.25,227.49396424973233
"sarima_2_years_(2,0,1)(1,1,1,24)",,,,,,,,,11.0,2019-11-11,39.710770525808506,26.00732492969153,14.413089088444003,0.9499356591357275,241.70833333333334,224.75155244774382
"sarima_2_years_(2,0,1)(1,1,1,24)",,,,,,,,,12.0,2019-11-12,132.85990609241304,106.9536362319429,78.0341589381075,-0.8387576953803508,140.08333333333334,244.82179559380222
"sarima_2_years_(2,0,1)(1,1,1,24)",,,,,,,,,13.0,2019-11-13,78.82543151056694,57.793326661716435,38.806166662143646,0.5453962232862746,159.0,216.01555113426346
"sarima_2_years_(2,0,1)(1,1,1,24)",,,,,,,,,14.0,2019-11-14,30.794236993221485,20.837901694174224,18.632030358333807,0.9539251778755575,203.45833333333334,218.23719106012098
"sarima_2_years_(2,0,1)(1,1,1,24)",,,,,,,,,15.0,2019-11-15,26.118822996234,20.543197384795533,15.064120623241886,0.9714274699948893,216.45833333333334,229.03540880705108
"sarima_2_years_(2,0,1)(1,1,1,24)",,,,,,,,,16.0,2019-11-16,134.43840101962732,93.16360772614775,215.2279165027411,-0.48821987339365047,148.20833333333334,230.34127066050283
"sarima_2_years_(2,0,1)(1,1,1,24)",,,,,,,,,17.0,2019-11-17,122.5225446123932,92.46062959685094,387.15622155847916,-0.6837998068767883,123.45833333333333,214.51698595503595
"sarima_2_years_(2,0,1)(1,1,1,24)",,,,,,,,,18.0,2019-11-18,115.449934763771,89.1730882948268,96.2844339307276,-0.2525149108060658,123.70833333333333,201.81283308357578
"sarima_2_years_(2,0,1)(1,1,1,24)",,,,,,,,,19.0,2019-11-19,49.63021367857884,37.354758943773895,inf,0.9064497621789639,221.29166666666666,196.2319521101224
"sarima_2_years_(2,0,1)(1,1,1,24)",,,,,,,,,20.0,2019-11-20,35.89039385785109,27.289174965119827,49.64870147751982,0.9452435467356979,211.04166666666666,224.65621941644352
"sarima_2_years_(2,0,1)(1,1,1,24)",,,,,,,,,21.0,2019-11-21,37.06692691520993,24.79594725034737,11.782001304401211,0.95305349937366,242.875,218.43362831353184
"sarima_2_years_(2,0,1)(1,1,1,24)",,,,,,,,,22.0,2019-11-22,87.1081180863913,63.59521915134494,63.08185088737016,0.5618469930243426,176.0,233.58295769016786
"sarima_2_years_(2,0,1)(1,1,1,24)",,,,,,,,,23.0,2019-11-23,116.02125924928438,84.21549946873849,107.58701392528283,0.20867565964367463,155.83333333333334,211.62570729466924
"sarima_2_years_(2,0,1)(1,1,1,24)",,,,,,,,,24.0,2019-11-24,165.00463415399196,131.9419111093019,382.29550634872436,-6.6450381764206465,72.0,203.76094345965922
"sarima_2_years_(2,0,1)(1,1,1,24)",,,,,,,,,25.0,2019-11-25,56.92668468058165,40.157862795488334,52.48141859265424,0.8756410415470981,215.625,183.67458803737895
"sarima_2_years_(2,0,1)(1,1,1,24)",,,,,,,,,26.0,2019-11-26,27.106235919369382,21.211439244038502,19.01911014625605,0.972154790059115,231.04166666666666,212.7708869820755
"sarima_2_years_(2,0,1)(1,1,1,24)",,,,,,,,,27.0,2019-11-27,86.57882182606514,52.40857275276549,37.02461281494004,0.5161703332429273,175.0,218.598906747026
"sarima_2_years_(2,0,1)(1,1,1,24)",,,,,,,,,28.0,2019-11-28,196.9510719821254,154.09513258422126,345.00100291084243,-32.666156554300706,49.75,202.7426782800358
"sarima_2_years_(2,0,1)(1,1,1,24)",,,,,,,,,29.0,2019-11-29,116.91963421004382,93.49522832285261,143.3785669719819,-2.8886911396395396,77.70833333333333,169.09161919042234
"sarima_2_years_(2,0,1)(1,1,1,24)",,,,,,,,,30.0,2019-11-30,100.83134293828017,78.05012756554859,138.3454625851779,-0.8277686097881267,98.20833333333333,170.83525663832174
"sarima_2_years_(2,1,0)(0,1,1,24)",98.3289025682488,69.62406289858328,inf,0.5882873008566135,30.0,720.0,80.58472323417664,success,,,,,,,,
"sarima_2_years_(2,1,0)(0,1,1,24)",,,,,,,,,1.0,2019-11-01,86.27245271583534,82.32116423776043,166.19873368598368,0.7987145832328659,256.875,339.19616423776046
"sarima_2_years_(2,1,0)(0,1,1,24)",,,,,,,,,2.0,2019-11-02,109.22936367299108,87.72675014854367,73.28383194662632,0.6003987797947821,223.375,243.06699128136628
"sarima_2_years_(2,1,0)(0,1,1,24)",,,,,,,,,3.0,2019-11-03,145.95344501217863,105.70907626718277,169.1367769055012,-0.10498593860565486,180.875,286.5840762671828
"sarima_2_years_(2,1,0)(0,1,1,24)",,,,,,,,,4.0,2019-11-04,56.87826296245022,43.750247875177166,85.20585604347217,0.9113265317764628,255.29166666666666,212.86767388587876
"sarima_2_years_(2,1,0)(0,1,1,24)",,,,,,,,,5.0,2019-11-05,72.1306819767077,54.38791616360527,55.393809373203936,0.8701255305268036,281.9166666666667,231.00475028169498
"sarima_2_years_(2,1,0)(0,1,1,24)",,,,,,,,,6.0,2019-11-06,58.266255077396636,37.45782941282573,38.8574303193909,0.9114326287068321,272.5833333333333,235.37295919820977
"sarima_2_years_(2,1,0)(0,1,1,24)",,,,,,,,,7.0,2019-11-07,121.6852211686586,71.56043406305554,58.84318398284892,0.4018684790118937,214.20833333333334,236.77150678686212
"sarima_2_years_(2,1,0)(0,1,1,24)",,,,,,,,,8.0,2019-11-08,73.65194769095625,59.376948082469916,103.58790779972627,0.6859060692573609,180.91666666666666,218.4481929982637
"sarima_2_years_(2,1,0)(0,1,1,24)",,,,,,,,,9.0,2019-11-09,120.48352487583719,80.4410779270045,191.53525850574556,-0.10794204582357847,148.75,202.97318087639636
"sarima_2_years_(2,1,0)(0,1,1,24)",,,,,,,,,10.0,2019-11-10,108.22404430472444,73.63012114251417,143.3733802755171,0.243660072200801,161.25,205.04621938536346
"sarima_2_years_(2,1,0)(0,1,1,24)",,,,,,,,,11.0,2019-11-11,57.56761811630512,52.598617478460994,146.19259235471188,0.894787244159555,241.70833333333334,189.10971585487232
"sarima_2_years_(2,1,0)(0,1,1,24)",,,,,,,,,12.0,2019-11-12,124.34678300430986,99.98339053343523,66.86265479968478,-0.6106668826237545,140.08333333333334,235.96854388301134
"sarima_2_years_(2,1,0)(0,1,1,24)",,,,,,,,,13.0,2019-11-13,65.80058492381397,53.10002051672785,199.4016402012873,0.6832184830819769,159.0,180.61193690110304
"sarima_2_years_(2,1,0)(0,1,1,24)",,,,,,,,,14.0,2019-11-14,40.33617557054885,36.9459625392142,254.61408007633977,0.9209477547997608,203.45833333333334,184.76756101994633
"sarima_2_years_(2,1,0)(0,1,1,24)",,,,,,,,,15.0,2019-11-15,23.88444519497468,20.314999789353227,32.37339317486622,0.9761069380997762,216.45833333333334,219.27793345849668
"sarima_2_years_(2,1,0)(0,1,1,24)",,,,,,,,,16.0,2019-11-16,120.96469298136425,83.39931543475271,123.21759034341831,-0.20486302769581344,148.20833333333334,208.58784215621827
"sarima_2_years_(2,1,0)(0,1,1,24)",,,,,,,,,17.0,2019-11-17,125.9319681855169,91.04405831388765,316.96589992370093,-0.7788135195733179,123.45833333333333,198.8698342433704
"sarima_2_years_(2,1,0)(0,1,1,24)",,,,,,,,,18.0,2019-11-18,97.58133570449426,83.46394826824813,216.91274166212526,0.10519369000985446,123.70833333333333,167.56677841909425
"sarima_2_years_(2,1,0)(0,1,1,24)",,,,,,,,,19.0,2019-11-19,108.08094589213903,96.42840957138395,inf,0.5563393822833662,221.29166666666666,124.86325709528273
"sarima_2_years_(2,1,0)(0,1,1,24)",,,,,,,,,20.0,2019-11-20,46.668310450963865,36.149624216099774,79.02286827331494,0.9074187547651603,211.04166666666666,232.54443615929782
"sarima_2_years_(2,1,0)(0,1,1,24)",,,,,,,,,21.0,2019-11-21,46.18991836453786,31.39571895805081,21.164785050858985,0.9271005164589007,242.875,212.06272287778788
"sarima_2_years_(2,1,0)(0,1,1,24)",,,,,,,,,22.0,2019-11-22,120.26410954338806,99.25445513572542,152.61050263710308,0.1648189837441908,176.0,274.1533805202641
"sarima_2_years_(2,1,0)(0,1,1,24)",,,,,,,,,23.0,2019-11-23,110.99642347491309,79.7621489674827,101.74863975182882,0.275735255759875,155.83333333333334,208.3408635943548
"sarima_2_years_(2,1,0)(0,1,1,24)",,,,,,,,,24.0,2019-11-24,142.03705122879975,114.64286554969283,438.490873004064,-4.664879423934674,72.0,167.36708518293392
"sarima_2_years_(2,1,0)(0,1,1,24)",,,,,,,,,25.0,2019-11-25,46.77965979723051,38.02673493651103,80.17762130970357,0.9160231828152043,215.625,184.72213745525855
"sarima_2_years_(2,1,0)(0,1,1,24)",,,,,,,,,26.0,2019-11-26,35.38771079468978,27.21223640901967,26.18397076187794,0.9525411721667533,231.04166666666666,207.42064813857579
"sarima_2_years_(2,1,0)(0,1,1,24)",,,,,,,,,27.0,2019-11-27,85.97106604837414,53.75623572482886,48.2501667912615,0.5229391526731344,175.0,221.7542385889234
"sarima_2_years_(2,1,0)(0,1,1,24)",,,,,,,,,28.0,2019-11-28,179.41762710158852,137.88021146250082,376.11269574944066,-26.938755553904784,49.75,174.2379934914326
"sarima_2_years_(2,1,0)(0,1,1,24)",,,,,,,,,29.0,2019-11-29,108.03242685648995,87.03277245102043,268.7948393515304,-2.3199903328592133,77.70833333333333,134.77985766699084
"sarima_2_years_(2,1,0)(0,1,1,24)",,,,,,,,,30.0,2019-11-30,90.14434896097698,69.9685953809629,414.4584607872936,-0.4608550446391131,98.20833333333333,134.14932773385058
"sarima_2_years_(2,1,0)(1,1,1,24)",95.02210629428264,67.56048420280435,inf,0.6155134212567177,30.0,720.0,76.9929268360138,success,,,,,,,,
"sarima_2_years_(2,1,0)(1,1,1,24)",,,,,,,,,1.0,2019-11-01,76.4923388292219,66.47848346545777,146.32463709156954,0.8417645082389443,256.875,323.35348346545777
"sarima_2_years_(2,1,0)(1,1,1,24)",,,,,,,,,2.0,2019-11-02,107.68463279424093,89.68705646780002,86.11375800667173,0.6116212484854906,223.375,229.1182069565075
"sarima_2_years_(2,1,0)(1,1,1,24)",,,,,,,,,3.0,2019-11-03,132.72040850295807,103.12967225387217,159.9592849468582,0.08630032520324393,180.875,284.0046722538722
"sarima_2_years_(2,1,0)(1,1,1,24)",,,,,,,,,4.0,2019-11-04,81.25453671087381,62.013366395793774,103.24888342565043,0.8190342936098105,255.29166666666666,194.16384983612298
"sarima_2_years_(2,1,0)(1,1,1,24)",,,,,,,,,5.0,2019-11-05,60.070503042373076,45.26293643972971,42.29245667500155,0.9099245900254007,281.9166666666667,240.87237690731874
"sarima_2_years_(2,1,0)(1,1,1,24)",,,,,,,,,6.0,2019-11-06,43.878306180410604,25.613535343480436,29.819453163666093,0.9497727672006464,272.5833333333333,247.34436533770815
"sarima_2_years_(2,1,0)(1,1,1,24)",,,,,,,,,7.0,2019-11-07,124.30130117451014,70.95950762805059,57.41483036694852,0.37587386622476393,214.20833333333334,246.20713224956557
"sarima_2_years_(2,1,0)(1,1,1,24)",,,,,,,,,8.0,2019-11-08,61.17892168535064,50.75409190128166,91.17479919562915,0.7832821375221519,180.91666666666666,216.75667898871495
"sarima_2_years_(2,1,0)(1,1,1,24)",,,,,,,,,9.0,2019-11-09,114.69479009113424,77.10110587846911,178.00655311685284,-0.004035563779710483,148.75,197.0510565358567
"sarima_2_years_(2,1,0)(1,1,1,24)",,,,,,,,,10.0,2019-11-10,88.31889219692201,60.87187090042381,119.07991812361267,0.4962944513189014,161.25,196.5274415833644
"sarima_2_years_(2,1,0)(1,1,1,24)",,,,,,,,,11.0,2019-11-11,68.99447985798193,58.55808665052397,127.77979822671244,0.8488735208325562,241.70833333333334,183.15024668280935
"sarima_2_years_(2,1,0)(1,1,1,24)",,,,,,,,,12.0,2019-11-12,136.69816837984453,110.19210733614393,79.2749141748906,-0.9465340810780161,140.08333333333334,248.04877934973652
"sarima_2_years_(2,1,0)(1,1,1,24)",,,,,,,,,13.0,2019-11-13,53.542884058739645,46.52829811523501,206.14619926344048,0.790249093370495,159.0,163.97803877581794
"sarima_2_years_(2,1,0)(1,1,1,24)",,,,,,,,,14.0,2019-11-14,34.061462325268344,30.381724400930324,210.60376899768687,0.9436295697040127,203.45833333333334,183.52641273500308
"sarima_2_years_(2,1,0)(1,1,1,24)",,,,,,,,,15.0,2019-11-15,26.340481742173022,20.51611574037892,17.930950195742152,0.970940447641184,216.45833333333334,226.17125134848786
"sarima_2_years_(2,1,0)(1,1,1,24)",,,,,,,,,16.0,2019-11-16,124.9970520562951,85.36874412136058,127.09916653734436,-0.28653013761977997,148.20833333333334,210.9512177948939
"sarima_2_years_(2,1,0)(1,1,1,24)",,,,,,,,,17.0,2019-11-17,107.98462204041091,79.99905978568343,260.96557772353,-0.30792326414848903,123.45833333333333,189.63705909116365
"sarima_2_years_(2,1,0)(1,1,1,24)",,,,,,,,,18.0,2019-11-18,90.39400184864404,79.57133397109955,201.1141622456417,0.23215290046972759,123.70833333333333,155.8167318521743
"sarima_2_years_(2,1,0)(1,1,1,24)",,,,,,,,,19.0,2019-11-19,109.95962585502073,100.49809793126123,inf,0.5407817779759619,221.29166666666666,120.79356873540543
"sarima_2_years_(2,1,0)(1,1,1,24)",,,,,,,,,20.0,2019-11-20,54.34477923339135,45.999628220575495,118.48855963850282,0.8744564170587672,211.04166666666666,253.49531594988753
"sarima_2_years_(2,1,0)(1,1,1,24)",,,,,,,,,21.0,2019-11-21,42.047411271162694,31.986097246183846,39.624456666073016,0.939590034490154,242.875,210.88890275381618
"sarima_2_years_(2,1,0)(1,1,1,24)",,,,,,,,,22.0,2019-11-22,128.152123247622,105.86929216351075,147.69519222569346,0.05166856590066815,176.0,281.8692921635107
"sarima_2_years_(2,1,0)(1,1,1,24)",,,,,,,,,23.0,2019-11-23,109.22257949670808,83.5251583732491,113.75775396282988,0.2986993639782134,155.83333333333334,191.53102218888014
"sarima_2_years_(2,1,0)(1,1,1,24)",,,,,,,,,24.0,2019-11-24,134.2811748991621,108.69067090259898,422.7474268116983,-4.063113234453208,72.0,160.85063094548863
"sarima_2_years_(2,1,0)(1,1,1,24)",,,,,,,,,25.0,2019-11-25,63.68595477834793,48.885843024819216,72.24104870006173,0.8443559150907778,215.625,169.3228589152291
"sarima_2_years_(2,1,0)(1,1,1,24)",,,,,,,,,26.0,2019-11-26,22.730956810054074,17.1978847216602,21.488019974713936,0.9804184303182425,231.04166666666666,218.1046953103007
"sarima_2_years_(2,1,0)(1,1,1,24)",,,,,,,,,27.0,2019-11-27,96.74911874590188,60.07824466299007,47.11936761054283,0.3958243933361475,175.0,230.53014026310052
"sarima_2_years_(2,1,0)(1,1,1,24)",,,,,,,,,28.0,2019-11-28,173.07132811210272,134.430690221891,379.49555486562423,-24.99723101881171,49.75,167.91609768521116
"sarima_2_years_(2,1,0)(1,1,1,24)",,,,,,,,,29.0,2019-11-29,82.56453292220343,67.29237970939992,242.72074940772606,-0.9391687837781422,77.70833333333333,115.09489973433337
"sarima_2_years_(2,1,0)(1,1,1,24)",,,,,,,,,30.0,2019-11-30,77.49769316196164,59.37344211027597,346.27836592566587,-0.0797113384133763,98.20833333333333,128.61323123666784
"sarima_2_years_(3,1,2)(0,1,1,24)",93.68985269927002,67.8963876448809,inf,0.6262191984950078,30.0,720.0,82.40607190132141,success,,,,,,,,
"sarima_2_years_(3,1,2)(0,1,1,24)",,,,,,,,,1.0,2019-11-01,39.275312952779295,33.49675561321592,39.28615181768859,0.9582835513650945,256.875,236.44071759196422
"sarima_2_years_(3,1,2)(0,1,1,24)",,,,,,,,,2.0,2019-11-02,107.29748132065151,87.49500962536992,75.6857672645336,0.6144088535472574,223.375,235.11198039353135
"sarima_2_years_(3,1,2)(0,1,1,24)",,,,,,,,,3.0,2019-11-03,111.8733582593284,76.33025872664761,94.97711363996002,0.35079568004681183,180.875,238.8883189727767
"sarima_2_years_(3,1,2)(0,1,1,24)",,,,,,,,,4.0,2019-11-04,54.313758193042254,40.221953188942045,63.325401054732275,0.9191424171447298,255.29166666666666,217.41294563627162
"sarima_2_years_(3,1,2)(0,1,1,24)",,,,,,,,,5.0,2019-11-05,77.74090347260356,60.251036040272815,70.42255202035558,0.8491369523496533,281.9166666666667,223.4469177291313
"sarima_2_years_(3,1,2)(0,1,1,24)",,,,,,,,,6.0,2019-11-06,58.567431237339115,39.22794697373562,58.35095178126611,0.9105146592852409,272.5833333333333,233.3553863595977
"sarima_2_years_(3,1,2)(0,1,1,24)",,,,,,,,,7.0,2019-11-07,122.86940059222793,72.67143570276843,60.9301220604071,0.3901704039522408,214.20833333333334,241.56706416755264
"sarima_2_years_(3,1,2)(0,1,1,24)",,,,,,,,,8.0,2019-11-08,83.1269359903108,64.36867643279015,65.8746386411081,0.5998944106202271,180.91666666666666,234.7148830281557
"sarima_2_years_(3,1,2)(0,1,1,24)",,,,,,,,,9.0,2019-11-09,129.11588677254474,82.9193333774367,137.7785173564792,-0.27239243694739934,148.75,221.5840031251115
"sarima_2_years_(3,1,2)(0,1,1,24)",,,,,,,,,10.0,2019-11-10,105.50175542800997,70.63730361605586,136.87425469041338,0.2812317568469832,161.25,203.88240775597322
"sarima_2_years_(3,1,2)(0,1,1,24)",,,,,,,,,11.0,2019-11-11,57.31570209149544,51.91025060527283,137.47539040164315,0.895706051905632,241.70833333333334,189.79808272806054
"sarima_2_years_(3,1,2)(0,1,1,24)",,,,,,,,,12.0,2019-11-12,98.33328137830362,80.50465233435514,123.78293786483205,-0.007250947560500487,140.08333333333334,201.89413844838802
"sarima_2_years_(3,1,2)(0,1,1,24)",,,,,,,,,13.0,2019-11-13,65.64295642973316,52.16936194622485,179.95216100927044,0.6847343961733134,159.0,182.97538030921524
"sarima_2_years_(3,1,2)(0,1,1,24)",,,,,,,,,14.0,2019-11-14,45.30536071973862,40.51104124387168,299.4472047297876,0.9002704276226245,203.45833333333334,174.85694682812343
"sarima_2_years_(3,1,2)(0,1,1,24)",,,,,,,,,15.0,2019-11-15,42.220751384024716,35.893500991171486,125.58383491270642,0.9253390676604112,216.45833333333334,181.10776780457186
"sarima_2_years_(3,1,2)(0,1,1,24)",,,,,,,,,16.0,2019-11-16,109.45169339972593,78.77941682756448,214.74737221597658,0.013571995502801415,148.20833333333334,187.23629173276427
"sarima_2_years_(3,1,2)(0,1,1,24)",,,,,,,,,17.0,2019-11-17,110.68900656692922,75.43998846498029,258.3215179796335,-0.3742552949254849,123.45833333333333,177.89650185121323
"sarima_2_years_(3,1,2)(0,1,1,24)",,,,,,,,,18.0,2019-11-18,92.49744805086067,80.03354279741353,223.38862398669596,0.19600189899630427,123.70833333333333,159.50650223382797
"sarima_2_years_(3,1,2)(0,1,1,24)",,,,,,,,,19.0,2019-11-19,90.24735574254507,77.35169957342845,inf,0.6906703304506907,221.29166666666666,145.36600609066667
"sarima_2_years_(3,1,2)(0,1,1,24)",,,,,,,,,20.0,2019-11-20,62.77086088188692,50.971008005614344,142.2144172027407,0.8325076287364337,211.04166666666666,165.84992147292448
"sarima_2_years_(3,1,2)(0,1,1,24)",,,,,,,,,21.0,2019-11-21,79.4144458141313,70.420744518127,134.73716457958733,0.7845090273930068,242.875,172.454255481873
"sarima_2_years_(3,1,2)(0,1,1,24)",,,,,,,,,22.0,2019-11-22,68.65819498325081,51.47337824689816,63.332667855857515,0.7277967554469786,176.0,194.6706971203713
"sarima_2_years_(3,1,2)(0,1,1,24)",,,,,,,,,23.0,2019-11-23,100.06536693804375,76.59392228491305,112.6232334675868,0.41136381026901114,155.83333333333334,185.93676657460227
"sarima_2_years_(3,1,2)(0,1,1,24)",,,,,,,,,24.0,2019-11-24,145.80403435433814,115.1079977028814,379.86264355262784,-4.969341941407998,72.0,175.89181685431322
"sarima_2_years_(3,1,2)(0,1,1,24)",,,,,,,,,25.0,2019-11-25,75.60419379485435,66.10926741823484,145.03498562380292,0.7806502895355081,215.625,151.7901393509138
"sarima_2_years_(3,1,2)(0,1,1,24)",,,,,,,,,26.0,2019-11-26,74.54686151770088,68.21510239511657,116.40757161968394,0.789393972276947,231.04166666666666,163.54190914534425
"sarima_2_years_(3,1,2)(0,1,1,24)",,,,,,,,,27.0,2019-11-27,70.49514945314912,50.70087828493498,62.77847252749038,0.6792345215687792,175.0,179.62002835436024
"sarima_2_years_(3,1,2)(0,1,1,24)",,,,,,,,,28.0,2019-11-28,178.5553587312423,135.95347608007071,356.82296665446285,-26.67085750508717,49.75,175.6212687625448
"sarima_2_years_(3,1,2)(0,1,1,24)",,,,,,,,,29.0,2019-11-29,110.12382653140398,86.86922466616711,233.2145521801104,-2.4497779494695684,77.70833333333333,142.29288953496612
"sarima_2_years_(3,1,2)(0,1,1,24)",,,,,,,,,30.0,2019-11-30,83.75496447567767,64.26346566195117,464.3054279068603,-0.2611049462903976,98.20833333333333,123.97301374067274
"sarima_2_years_(3,1,2)(1,1,1,24)",89.2918122709364,63.36892092285189,inf,0.6604879806605418,30.0,720.0,78.4338870048523,success,,,,,,,,
"sarima_2_years_(3,1,2)(1,1,1,24)",,,,,,,,,1.0,2019-11-01,48.29854239664694,40.3459014486751,31.643457677648883,0.9369135528905949,256.875,234.95882065176534
"sarima_2_years_(3,1,2)(1,1,1,24)",,,,,,,,,2.0,2019-11-02,108.64888664278257,87.13896553822984,75.03368284697444,0.604634691671835,223.375,241.05680026036862
"sarima_2_years_(3,1,2)(1,1,1,24)",,,,,,,,,3.0,2019-11-03,97.64047818352199,66.28382388385039,80.65567344009375,0.5054754616779396,180.875,239.63458675271295
"sarima_2_years_(3,1,2)(1,1,1,24)",,,,,,,,,4.0,2019-11-04,67.19050502712508,46.721543634689255,51.620365865911886,0.8762580782802412,255.29166666666666,214.48136874726455
"sarima_2_years_(3,1,2)(1,1,1,24)",,,,,,,,,5.0,2019-11-05,65.38757481087606,50.97020007629491,59.21360666248548,0.8932730325181311,281.9166666666667,233.42401901995063
"sarima_2_years_(3,1,2)(1,1,1,24)",,,,,,,,,6.0,2019-11-06,46.366136737207064,30.423326588319544,57.19045453059282,0.9439156918736281,272.5833333333333,242.22671572304566
"sarima_2_years_(3,1,2)(1,1,1,24)",,,,,,,,,7.0,2019-11-07,123.46839805522444,71.40733863862671,66.24939799550499,0.3842099812878438,214.20833333333334,244.29961048480095
"sarima_2_years_(3,1,2)(1,1,1,24)",,,,,,,,,8.0,2019-11-08,68.51065774946422,54.64146674916642,57.425111917906214,0.7282263503098955,180.91666666666666,229.39608347641274
"sarima_2_years_(3,1,2)(1,1,1,24)",,,,,,,,,9.0,2019-11-09,122.96714437631279,77.9317319512654,120.4942061806795,-0.15409056270123367,148.75,215.94007295995334
"sarima_2_years_(3,1,2)(1,1,1,24)",,,,,,,,,10.0,2019-11-10,88.26348414482547,59.482113637867194,110.76360829702188,0.49692626605154877,161.25,201.0493812063227
"sarima_2_years_(3,1,2)(1,1,1,24)",,,,,,,,,11.0,2019-11-11,59.28787680139233,46.742424026504345,85.64926975571746,0.8884052739432456,241.70833333333334,195.16758263358398
"sarima_2_years_(3,1,2)(1,1,1,24)",,,,,,,,,12.0,2019-11-12,112.48355936200228,91.0130561482578,103.63205324170161,-0.3179979110236315,140.08333333333334,218.23227389431554
"sarima_2_years_(3,1,2)(1,1,1,24)",,,,,,,,,13.0,2019-11-13,58.27970446840695,45.296943741286576,125.05461160849005,0.7514950709384672,159.0,183.9295834064025
"sarima_2_years_(3,1,2)(1,1,1,24)",,,,,,,,,14.0,2019-11-14,33.2202903387839,29.697594901020366,195.79178621833998,0.9463794061819,203.45833333333334,183.8517305042313
"sarima_2_years_(3,1,2)(1,1,1,24)",,,,,,,,,15.0,2019-11-15,30.848893854995254,25.473911556811675,83.84540422314292,0.9601415243610831,216.45833333333334,195.9305632560868
"sarima_2_years_(3,1,2)(1,1,1,24)",,,,,,,,,16.0,2019-11-16,117.21925680457173,81.61059474690866,169.19554644121183,-0.13140566759126227,148.20833333333334,199.47626692115327
"sarima_2_years_(3,1,2)(1,1,1,24)",,,,,,,,,17.0,2019-11-17,98.45182322190631,69.58600858494474,228.56609286335168,-0.08719129409196147,123.45833333333333,179.86320435736442
"sarima_2_years_(3,1,2)(1,1,1,24)",,,,,,,,,18.0,2019-11-18,91.81725607955674,79.43691266131923,174.5682746531274,0.20778303055817426,123.70833333333333,162.71808334274888
"sarima_2_years_(3,1,2)(1,1,1,24)",,,,,,,,,19.0,2019-11-19,80.23353401262987,67.87935511720916,inf,0.7555081146817184,221.29166666666666,154.36036003508522
"sarima_2_years_(3,1,2)(1,1,1,24)",,,,,,,,,20.0,2019-11-20,42.501310950172794,35.09506705964045,96.55951841047005,0.9232137402977633,211.04166666666666,186.67118249619236
"sarima_2_years_(3,1,2)(1,1,1,24)",,,,,,,,,21.0,2019-11-21,66.35770306250507,59.42617539987648,115.97381544121632,0.8495428774991576,242.875,183.44882460012354
"sarima_2_years_(3,1,2)(1,1,1,24)",,,,,,,,,22.0,2019-11-22,72.12355952601438,54.26287206925715,64.29367155095129,0.6996256535229728,176.0,203.4655527510137
"sarima_2_years_(3,1,2)(1,1,1,24)",,,,,,,,,23.0,2019-11-23,104.0198444226932,81.279739044621,118.30494516255283,0.36391995007378286,155.83333333333334,180.79020970520534
"sarima_2_years_(3,1,2)(1,1,1,24)",,,,,,,,,24.0,2019-11-24,139.06155873674192,110.10858410669346,350.67612409455984,-4.430021654331426,72.0,171.63435516048887
"sarima_2_years_(3,1,2)(1,1,1,24)",,,,,,,,,25.0,2019-11-25,88.2304868253703,75.3225293557446,120.14705584156732,0.7012673831724758,215.625,142.92846620174302
"sarima_2_years_(3,1,2)(1,1,1,24)",,,,,,,,,26.0,2019-11-26,58.18800774559306,53.54896530186975,97.37929641872086,0.8716845223933822,231.04166666666666,177.9393330599015
"sarima_2_years_(3,1,2)(1,1,1,24)",,,,,,,,,27.0,2019-11-27,76.8782362056707,52.61283283494911,64.00849234675135,0.618516311707893,175.0,188.65732703039757
"sarima_2_years_(3,1,2)(1,1,1,24)",,,,,,,,,28.0,2019-11-28,173.62368167785093,133.59284504189228,349.18045907403877,-25.16343506536194,49.75,172.32472743048007
"sarima_2_years_(3,1,2)(1,1,1,24)",,,,,,,,,29.0,2019-11-29,87.23795282807716,68.2758768277669,184.26852228342156,-1.164908202440707,77.70833333333333,129.01434831395537
"sarima_2_years_(3,1,2)(1,1,1,24)",,,,,,,,,30.0,2019-11-30,73.51165145786882,55.45892701199843,333.2861094714408,0.028500748459535874,98.20833333333333,126.3193622034177
"sarimax_2_years_(2,0,0)(0,1,1,24)",72.84730457386817,48.15078689306065,inf,0.7740258024920232,30.0,720.0,73.97892713546753,success,,,,,,,,
"sarimax_2_years_(2,0,0)(0,1,1,24)",,,,,,,,,1.0,2019-11-01,45.258041934266714,38.12027896456897,50.64740306288227,0.9446064062205604,256.875,248.2237139610481
"sarimax_2_years_(2,0,0)(0,1,1,24)",,,,,,,,,2.0,2019-11-02,65.70908301359884,50.69548570566576,73.4197166367686,0.8553898383699706,223.375,177.63641474464043
"sarimax_2_years_(2,0,0)(0,1,1,24)",,,,,,,,,3.0,2019-11-03,39.228857131265634,31.91303244342716,61.46689309330154,0.9201749199814754,180.875,185.99033378713338
"sarimax_2_years_(2,0,0)(0,1,1,24)",,,,,,,,,4.0,2019-11-04,50.425875542855415,43.845161549621366,101.89648706382444,0.9303039860413431,255.29166666666666,213.4339189618842
"sarimax_2_years_(2,0,0)(0,1,1,24)",,,,,,,,,5.0,2019-11-05,52.08584117877863,41.427849457142344,48.79178330532014,0.9322790449049472,281.9166666666667,243.48757541698015
"sarimax_2_years_(2,0,0)(0,1,1,24)",,,,,,,,,6.0,2019-11-06,42.038625838623574,30.392705047042853,33.15358415544781,0.9538962166193545,272.5833333333333,243.83871544190822
"sarimax_2_years_(2,0,0)(0,1,1,24)",,,,,,,,,7.0,2019-11-07,134.07075215059717,79.97987748724812,98.68198824376829,0.27391224955128435,214.20833333333334,243.69839096855821
"sarimax_2_years_(2,0,0)(0,1,1,24)",,,,,,,,,8.0,2019-11-08,59.90003914888241,43.68290861723458,133.86985538657362,0.7922479657554173,180.91666666666666,192.30988700775183
"sarimax_2_years_(2,0,0)(0,1,1,24)",,,,,,,,,9.0,2019-11-09,55.93229718812147,47.513612978546156,354.3070873815156,0.7612260040999776,148.75,125.10432571900226
"sarimax_2_years_(2,0,0)(0,1,1,24)",,,,,,,,,10.0,2019-11-10,41.92461323299329,34.55671251890124,151.47374187778385,0.8864969220942838,161.25,159.85562870660235
"sarimax_2_years_(2,0,0)(0,1,1,24)",,,,,,,,,11.0,2019-11-11,32.50646745258564,27.466773528633933,89.14574663166826,0.9664531746641842,241.70833333333334,220.1750924017523
"sarimax_2_years_(2,0,0)(0,1,1,24)",,,,,,,,,12.0,2019-11-12,116.02778412258313,82.29359728574003,61.99964981736494,-0.4023635577387701,140.08333333333334,216.53854785049438
"sarimax_2_years_(2,0,0)(0,1,1,24)",,,,,,,,,13.0,2019-11-13,57.94084430672873,47.14243024517029,313.0879343205791,0.7543764723272468,159.0,143.44323058384404
"sarimax_2_years_(2,0,0)(0,1,1,24)",,,,,,,,,14.0,2019-11-14,49.21612673728363,43.76438315323127,411.1838894326733,0.8823099801839046,203.45833333333334,171.18322199856834
"sarimax_2_years_(2,0,0)(0,1,1,24)",,,,,,,,,15.0,2019-11-15,40.50619468973782,33.61757808460592,85.33110852033259,0.9312798047866181,216.45833333333334,200.76050345184487
"sarimax_2_years_(2,0,0)(0,1,1,24)",,,,,,,,,16.0,2019-11-16,32.70054904449956,26.453644944415345,113.17819335741255,0.9119497665052732,148.20833333333334,147.93150739557043
"sarimax_2_years_(2,0,0)(0,1,1,24)",,,,,,,,,17.0,2019-11-17,44.889099997706744,36.870228967539866,462.40629124816553,0.7739834528959438,123.45833333333333,123.44296528205507
"sarimax_2_years_(2,0,0)(0,1,1,24)",,,,,,,,,18.0,2019-11-18,99.68913897596386,79.74083818052485,177.31215352026112,0.06611970686368385,123.70833333333333,184.46309136665218
"sarimax_2_years_(2,0,0)(0,1,1,24)",,,,,,,,,19.0,2019-11-19,47.94923146684149,38.62108804203793,inf,0.912679561655271,221.29166666666666,189.01620280559226
"sarimax_2_years_(2,0,0)(0,1,1,24)",,,,,,,,,20.0,2019-11-20,23.62357470582554,19.770820793653858,47.068454495653555,0.9762769735973944,211.04166666666666,216.04233502816268
"sarimax_2_years_(2,0,0)(0,1,1,24)",,,,,,,,,21.0,2019-11-21,37.429381404855015,29.51075579161767,16.094208924648314,0.9521308890762048,242.875,214.14149651645974
"sarimax_2_years_(2,0,0)(0,1,1,24)",,,,,,,,,22.0,2019-11-22,80.52562803197756,59.3541551563562,77.80099501846114,0.6255647084670692,176.0,233.906790396064
"sarimax_2_years_(2,0,0)(0,1,1,24)",,,,,,,,,23.0,2019-11-23,35.42211397491331,29.455400360296732,69.48889826371342,0.9262387399645925,155.83333333333334,143.39567304888604
"sarimax_2_years_(2,0,0)(0,1,1,24)",,,,,,,,,24.0,2019-11-24,98.11960635856772,72.20924111292516,447.88418857188555,-1.7033294136915806,72.0,128.89784050397895
"sarimax_2_years_(2,0,0)(0,1,1,24)",,,,,,,,,25.0,2019-11-25,29.438146259886306,25.611479372044215,57.09368548128856,0.9667442911294734,215.625,192.24475258919506
"sarimax_2_years_(2,0,0)(0,1,1,24)",,,,,,,,,26.0,2019-11-26,39.265879514440705,29.778455978467296,28.04182942037341,0.9415690794955771,231.04166666666666,205.8015852310325
"sarimax_2_years_(2,0,0)(0,1,1,24)",,,,,,,,,27.0,2019-11-27,100.41477856166654,68.95746078258428,56.683476072456266,0.34917470958043884,175.0,223.52191890879104
"sarimax_2_years_(2,0,0)(0,1,1,24)",,,,,,,,,28.0,2019-11-28,187.2567610835073,140.01335331853605,341.8241417665621,-29.433496780242574,49.75,181.87218138144877
"sarimax_2_years_(2,0,0)(0,1,1,24)",,,,,,,,,29.0,2019-11-29,108.52444686944807,77.26358513785861,225.9531377026828,-2.350300148579588,77.70833333333333,131.10103453039048
"sarimax_2_years_(2,0,0)(0,1,1,24)",,,,,,,,,30.0,2019-11-30,43.64124918037562,34.50071178618146,193.1878827165579,0.6576073304349925,98.20833333333333,114.5497419503373
"sarimax_2_years_(2,0,0)(1,1,1,24)",71.85219879884083,46.006957017152665,inf,0.7801573227275291,30.0,720.0,75.2828860282898,success,,,,,,,,
"sarimax_2_years_(2,0,0)(1,1,1,24)",,,,,,,,,1.0,2019-11-01,43.04438370667797,35.69787591585302,44.279778043520686,0.9498926991424372,256.875,249.46360167486804
"sarimax_2_years_(2,0,0)(1,1,1,24)",,,,,,,,,2.0,2019-11-02,52.286359483816064,40.80987750226651,56.01720105776619,0.9084359893128114,223.375,190.0106822362104
"sarimax_2_years_(2,0,0)(1,1,1,24)",,,,,,,,,3.0,2019-11-03,37.0109515716207,28.50570790793381,43.94380324548625,0.9289459964707245,180.875,196.90035722901925
"sarimax_2_years_(2,0,0)(1,1,1,24)",,,,,,,,,4.0,2019-11-04,39.40793864260793,33.89133358422209,76.22215928187984,0.9574334470670863,255.29166666666666,223.24801771797198
"sarimax_2_years_(2,0,0)(1,1,1,24)",,,,,,,,,5.0,2019-11-05,48.57493556841912,38.898457871020355,41.60562285030493,0.9411009654273625,281.9166666666667,246.31048267821555
"sarimax_2_years_(2,0,0)(1,1,1,24)",,,,,,,,,6.0,2019-11-06,33.9778850983139,23.8109892618529,25.65763408964105,0.9698815768867126,272.5833333333333,251.98507333194456
"sarimax_2_years_(2,0,0)(1,1,1,24)",,,,,,,,,7.0,2019-11-07,133.51213122513676,73.95937026715512,72.14604123953053,0.2799502973620005,214.20833333333334,252.66133807887203
"sarimax_2_years_(2,0,0)(1,1,1,24)",,,,,,,,,8.0,2019-11-08,68.21000080334518,51.72718207867661,87.01318157863834,0.7306064571693329,180.91666666666666,219.67966705693792
"sarimax_2_years_(2,0,0)(1,1,1,24)",,,,,,,,,9.0,2019-11-09,45.59722695478615,35.160015174116,185.22212184741144,0.8413140131271396,148.75,160.2672332584081
"sarimax_2_years_(2,0,0)(1,1,1,24)",,,,,,,,,10.0,2019-11-10,38.53525748521289,32.95252902601977,98.51776370443889,0.9041071912724794,161.25,171.35697841627396
"sarimax_2_years_(2,0,0)(1,1,1,24)",,,,,,,,,11.0,2019-11-11,32.61624441412964,26.848280715577488,75.21977502276279,0.966226211405595,241.70833333333334,219.81281591802738
"sarimax_2_years_(2,0,0)(1,1,1,24)",,,,,,,,,12.0,2019-11-12,122.34031741368808,90.02116171834962,56.762408936133156,-0.5591066607418396,140.08333333333334,228.69343812743398
"sarimax_2_years_(2,0,0)(1,1,1,24)",,,,,,,,,13.0,2019-11-13,63.57600178653895,49.596236301183914,155.29331383379238,0.7042758786570411,159.0,190.7421666791616
"sarimax_2_years_(2,0,0)(1,1,1,24)",,,,,,,,,14.0,2019-11-14,29.59676177392254,23.817262285540437,178.8595862304853,0.9574388684909197,203.45833333333334,203.36747092172848
"sarimax_2_years_(2,0,0)(1,1,1,24)",,,,,,,,,15.0,2019-11-15,29.930986517096017,22.40649126911423,47.52362177002884,0.9624782093876549,216.45833333333334,214.35549576037397
"sarimax_2_years_(2,0,0)(1,1,1,24)",,,,,,,,,16.0,2019-11-16,39.507358161188854,30.72570422614997,110.61149427594002,0.8714783175919654,148.20833333333334,162.11402875078568
"sarimax_2_years_(2,0,0)(1,1,1,24)",,,,,,,,,17.0,2019-11-17,49.99690329517641,41.47633889753172,241.5418511882416,0.7196215365658303,123.45833333333333,146.9135376263923
"sarimax_2_years_(2,0,0)(1,1,1,24)",,,,,,,,,18.0,2019-11-18,104.98066934832846,82.65630229365841,160.94303453059763,-0.035652829265632846,123.70833333333333,191.18935202217884
"sarimax_2_years_(2,0,0)(1,1,1,24)",,,,,,,,,19.0,2019-11-19,44.367010353418486,36.14906743664239,inf,0.9252393728589535,221.29166666666666,188.90868345370484
"sarimax_2_years_(2,0,0)(1,1,1,24)",,,,,,,,,20.0,2019-11-20,23.289080950247126,19.786193685411522,48.74502684014241,0.9769440213025091,211.04166666666666,220.55769764892054
"sarimax_2_years_(2,0,0)(1,1,1,24)",,,,,,,,,21.0,2019-11-21,34.393240170981024,27.469427580478868,16.19178598837494,0.9595818671490961,242.875,216.81436028187247
"sarimax_2_years_(2,0,0)(1,1,1,24)",,,,,,,,,22.0,2019-11-22,77.30663485678868,54.243920617983555,57.164525541412814,0.6549022943003073,176.0,228.66370547648015
"sarimax_2_years_(2,0,0)(1,1,1,24)",,,,,,,,,23.0,2019-11-23,30.929340197237273,25.574778035410805,60.28844198179747,0.94376318894987,155.83333333333334,150.4384876894071
"sarimax_2_years_(2,0,0)(1,1,1,24)",,,,,,,,,24.0,2019-11-24,103.90928995211316,76.2616407391156,332.03679103578236,-2.0317691515403378,72.0,137.05212652788248
"sarimax_2_years_(2,0,0)(1,1,1,24)",,,,,,,,,25.0,2019-11-25,35.356178517550525,30.755658944936584,58.532578273318734,0.9520293140941254,215.625,187.11954254210278
"sarimax_2_years_(2,0,0)(1,1,1,24)",,,,,,,,,26.0,2019-11-26,35.4508164837935,28.351664587453527,26.777670007929437,0.952371757850995,231.04166666666666,206.86480017770438
"sarimax_2_years_(2,0,0)(1,1,1,24)",,,,,,,,,27.0,2019-11-27,99.19891295213803,66.56004630390312,49.363542033383794,0.36484023811746136,175.0,221.26791218655862
"sarimax_2_years_(2,0,0)(1,1,1,24)",,,,,,,,,28.0,2019-11-28,179.41965177754145,135.13232963982696,355.152018902613,-26.93938611899038,49.75,171.53620075716165
"sarimax_2_years_(2,0,0)(1,1,1,24)",,,,,,,,,29.0,2019-11-29,110.53958023119982,80.66797120565558,204.57121285086893,-2.475875214506402,77.70833333333333,141.2640267292786
"sarimax_2_years_(2,0,0)(1,1,1,24)",,,,,,,,,30.0,2019-11-30,52.04680465821574,36.29489544153931,109.03485878770118,0.5130120052861598,98.20833333333333,125.50810763064038
"sarimax_2_years_(2,0,1)(0,1,1,24)",72.54970438731706,47.92947613056454,inf,0.7758683578736074,30.0,720.0,79.0497670173645,success,,,,,,,,
"sarimax_2_years_(2,0,1)(0,1,1,24)",,,,,,,,,1.0,2019-11-01,45.69234993035286,38.50976520408676,51.52685240263535,0.9435381623225935,256.875,247.62852676473304
"sarimax_2_years_(2,0,1)(0,1,1,24)",,,,,,,,,2.0,2019-11-02,66.17799391263519,51.00486762542389,73.30455708138524,0.8533185499907023,223.375,177.03525909438062
"sarimax_2_years_(2,0,1)(0,1,1,24)",,,,,,,,,3.0,2019-11-03,38.87681428121404,31.709364905809682,60.93560142464879,0.9216012044373956,180.875,185.63228967407645
"sarimax_2_years_(2,0,1)(0,1,1,24)",,,,,,,,,4.0,2019-11-04,50.80674609736683,44.157280652371774,101.56758999312083,0.9292471711413545,255.29166666666666,213.00708616030275
"sarimax_2_years_(2,0,1)(0,1,1,24)",,,,,,,,,5.0,2019-11-05,52.22232492399447,41.47782997193696,48.09230931130948,0.9319236731139271,281.9166666666667,243.33199800215198
"sarimax_2_years_(2,0,1)(0,1,1,24)",,,,,,,,,6.0,2019-11-06,42.076766316321965,30.313995965772374,32.60761050395452,0.9538125213048809,272.5833333333333,243.68569561801064
"sarimax_2_years_(2,0,1)(0,1,1,24)",,,,,,,,,7.0,2019-11-07,133.67664480893896,79.74595524240512,98.32291042234122,0.2781747143055715,214.20833333333334,243.61263807950004
"sarimax_2_years_(2,0,1)(0,1,1,24)",,,,,,,,,8.0,2019-11-08,59.047693274108916,43.17826170075085,132.83872416761648,0.7981183036970506,180.91666666666666,191.83119040526097
"sarimax_2_years_(2,0,1)(0,1,1,24)",,,,,,,,,9.0,2019-11-09,55.483988707189724,47.10077803040042,352.9264336605279,0.7650383065315008,148.75,124.58839178576945
"sarimax_2_years_(2,0,1)(0,1,1,24)",,,,,,,,,10.0,2019-11-10,41.373308022808295,34.05566570865388,149.9456899318137,0.8894624073519388,161.25,159.6874776990541
"sarimax_2_years_(2,0,1)(0,1,1,24)",,,,,,,,,11.0,2019-11-11,32.33926136733922,27.179506165550237,86.93165529732345,0.9667974019793568,241.70833333333334,220.1608108300302
"sarimax_2_years_(2,0,1)(0,1,1,24)",,,,,,,,,12.0,2019-11-12,115.87517019927525,82.24392931151287,63.987170101193904,-0.39867686401619284,140.08333333333334,216.45957463645982
"sarimax_2_years_(2,0,1)(0,1,1,24)",,,,,,,,,13.0,2019-11-13,57.31372784416052,46.8481159975471,311.44859244219185,0.7596646579393588,159.0,142.7663815156668
"sarimax_2_years_(2,0,1)(0,1,1,24)",,,,,,,,,14.0,2019-11-14,48.92048551966598,43.5151210489613,407.2810161297382,0.8837196610847762,203.45833333333334,170.72941060770583
"sarimax_2_years_(2,0,1)(0,1,1,24)",,,,,,,,,15.0,2019-11-15,40.156328492429125,33.23385509580226,83.00060756410956,0.9324617988099949,216.45833333333334,200.56427265693537
"sarimax_2_years_(2,0,1)(0,1,1,24)",,,,,,,,,16.0,2019-11-16,31.875850300579472,25.79105791883804,106.76106357026194,0.916334968287147,148.20833333333334,147.75343992599065
"sarimax_2_years_(2,0,1)(0,1,1,24)",,,,,,,,,17.0,2019-11-17,44.04713023341574,36.200336450642254,456.32434012091636,0.782382570310882,123.45833333333333,123.22398146098597
"sarimax_2_years_(2,0,1)(0,1,1,24)",,,,,,,,,18.0,2019-11-18,98.90584167702208,79.11291190895467,174.08978297543084,0.08073778967350509,123.70833333333333,184.35049705121403
"sarimax_2_years_(2,0,1)(0,1,1,24)",,,,,,,,,19.0,2019-11-19,48.032574237584505,38.561819143393045,inf,0.9123757464843402,221.29166666666666,188.77774426069868
"sarimax_2_years_(2,0,1)(0,1,1,24)",,,,,,,,,20.0,2019-11-20,23.754377438838162,19.895705810523907,50.646095362456336,0.9760135395135247,211.04166666666666,215.98037332584576
"sarimax_2_years_(2,0,1)(0,1,1,24)",,,,,,,,,21.0,2019-11-21,37.76806822718669,29.679224005219037,14.10985865433049,0.9512606642416686,242.875,214.0504737934124
"sarimax_2_years_(2,0,1)(0,1,1,24)",,,,,,,,,22.0,2019-11-22,80.28487135892773,59.407925974810944,79.98957451226865,0.6278003453612868,176.0,234.01838177746163
"sarimax_2_years_(2,0,1)(0,1,1,24)",,,,,,,,,23.0,2019-11-23,35.37963896190389,29.157668354434534,67.36856601959525,0.9264155296429064,155.83333333333334,143.12904861250166
"sarimax_2_years_(2,0,1)(0,1,1,24)",,,,,,,,,24.0,2019-11-24,97.51943161435337,71.5446441249723,444.5232297160696,-1.6703592874541027,72.0,128.52349925991956
"sarimax_2_years_(2,0,1)(0,1,1,24)",,,,,,,,,25.0,2019-11-25,29.918465628594443,25.801918287456306,54.88972940937198,0.9656502226774801,215.625,192.0674263885754
"sarimax_2_years_(2,0,1)(0,1,1,24)",,,,,,,,,26.0,2019-11-26,39.491008032380016,29.795934202431354,27.357008436841053,0.9408971385197133,231.04166666666666,205.75465259052365
"sarimax_2_years_(2,0,1)(0,1,1,24)",,,,,,,,,27.0,2019-11-27,100.07543272553008,69.07644846913664,58.099448350509384,0.35356612830434964,175.0,223.57648866380137
"sarimax_2_years_(2,0,1)(0,1,1,24)",,,,,,,,,28.0,2019-11-28,186.70425216427557,139.6714931716504,339.8993270317702,-29.254171110363025,49.75,181.785465413131
"sarimax_2_years_(2,0,1)(0,1,1,24)",,,,,,,,,29.0,2019-11-29,107.33536429546861,76.31786163835439,223.27458373829913,-2.277285102776244,77.70833333333333,130.4038239037388
"sarimax_2_years_(2,0,1)(0,1,1,24)",,,,,,,,,30.0,2019-11-30,42.934700704532354,33.59504182913309,187.7148980664656,0.6686042067545728,98.20833333333333,113.82895559936436
"sarimax_2_years_(2,0,1)(1,1,1,24)",72.0755081156276,47.66022101629996,inf,0.7787887019537956,30.0,720.0,75.43483018875122,success,,,,,,,,
"sarimax_2_years_(2,0,1)(1,1,1,24)",,,,,,,,,1.0,2019-11-01,46.557327133275734,38.94669837103729,45.34790644499547,0.9413802314076756,256.875,243.36995203200414
"sarimax_2_years_(2,0,1)(1,1,1,24)",,,,,,,,,2.0,2019-11-02,62.65354929695244,48.655094199750295,73.8672301741061,0.8685261575839246,223.375,179.73876123438345
"sarimax_2_years_(2,0,1)(1,1,1,24)",,,,,,,,,3.0,2019-11-03,39.792185642827626,31.241219176079596,57.982548529574686,0.9178658742208049,180.875,190.7531934545948
"sarimax_2_years_(2,0,1)(1,1,1,24)",,,,,,,,,4.0,2019-11-04,49.3327382959211,42.92112484344137,99.75241990362841,0.9332929876165834,255.29166666666666,214.38960876856615
"sarimax_2_years_(2,0,1)(1,1,1,24)",,,,,,,,,5.0,2019-11-05,48.28836994553471,38.48676729242255,44.281623485231776,0.9417938598817757,281.9166666666667,247.27623330484622
"sarimax_2_years_(2,0,1)(1,1,1,24)",,,,,,,,,6.0,2019-11-06,38.78334356484747,28.435532388238517,36.07176927017532,0.9607599060686247,272.5833333333333,246.7055772950862
"sarimax_2_years_(2,0,1)(1,1,1,24)",,,,,,,,,7.0,2019-11-07,134.8739311280182,79.66138713503851,101.42725285688643,0.26518662917714386,214.20833333333334,245.49093551548356
"sarimax_2_years_(2,0,1)(1,1,1,24)",,,,,,,,,8.0,2019-11-08,52.53874050539491,39.815042606506786,126.05849041362627,0.8401729118464705,180.91666666666666,190.10074727377977
"sarimax_2_years_(2,0,1)(1,1,1,24)",,,,,,,,,9.0,2019-11-09,54.91689376255393,46.25316188193799,350.4706650406222,0.7698167894180978,148.75,124.08981888152896
"sarimax_2_years_(2,0,1)(1,1,1,24)",,,,,,,,,10.0,2019-11-10,40.59912337156002,33.844869015576904,141.34774553820378,0.8935605010407739,161.25,162.1113340180421
"sarimax_2_years_(2,0,1)(1,1,1,24)",,,,,,,,,11.0,2019-11-11,32.30653191000479,26.922832848108612,79.20572961021058,0.9668645743922047,241.70833333333334,220.96752699471412
"sarimax_2_years_(2,0,1)(1,1,1,24)",,,,,,,,,12.0,2019-11-12,117.50445783368362,83.70018730068853,61.30989667380645,-0.4382861784634864,140.08333333333334,218.11379486601916
"sarimax_2_years_(2,0,1)(1,1,1,24)",,,,,,,,,13.0,2019-11-13,59.666179656352426,50.626610164384324,327.1391181927518,0.739530552651545,159.0,136.89511170311496
"sarimax_2_years_(2,0,1)(1,1,1,24)",,,,,,,,,14.0,2019-11-14,47.947676419457146,42.65342647521249,394.3706839111942,0.8882982690071586,203.45833333333334,171.91019517602413
"sarimax_2_years_(2,0,1)(1,1,1,24)",,,,,,,,,15.0,2019-11-15,40.00921032090661,32.752428631073336,80.24805226346606,0.9329557630701008,216.45833333333334,202.94762826195122
"sarimax_2_years_(2,0,1)(1,1,1,24)",,,,,,,,,16.0,2019-11-16,33.565360374598626,26.70066713973417,118.38994877076597,0.9072309623175896,148.20833333333334,149.19198615878526
"sarimax_2_years_(2,0,1)(1,1,1,24)",,,,,,,,,17.0,2019-11-17,45.570663324530194,37.12638924390183,480.7736901279365,0.7670680083862038,123.45833333333333,123.43743950466245
"sarimax_2_years_(2,0,1)(1,1,1,24)",,,,,,,,,18.0,2019-11-18,99.63726996695021,79.20036464439931,171.4588705620695,0.06709126392869391,123.70833333333333,184.8723567835032
"sarimax_2_years_(2,0,1)(1,1,1,24)",,,,,,,,,19.0,2019-11-19,49.689730416033186,39.91581479532436,inf,0.9062252560567255,221.29166666666666,185.31043386929016
"sarimax_2_years_(2,0,1)(1,1,1,24)",,,,,,,,,20.0,2019-11-20,22.510425195789782,19.430968954261658,48.30042073682009,0.978459972267637,211.04166666666666,218.2432284163676
"sarimax_2_years_(2,0,1)(1,1,1,24)",,,,,,,,,21.0,2019-11-21,37.25044024422425,30.327294248493093,30.73554817042485,0.9525874971475977,242.875,213.40823350671886
"sarimax_2_years_(2,0,1)(1,1,1,24)",,,,,,,,,22.0,2019-11-22,83.34515412769511,60.40386591071211,71.24329720817363,0.5988846867191608,176.0,235.5998750761597
"sarimax_2_years_(2,0,1)(1,1,1,24)",,,,,,,,,23.0,2019-11-23,38.23541687456966,31.544339437536507,80.29194806275885,0.914056896209404,155.83333333333334,139.18923434286117
"sarimax_2_years_(2,0,1)(1,1,1,24)",,,,,,,,,24.0,2019-11-24,100.83588235124031,74.12203534479936,454.56121789402727,-1.8550753939217088,72.0,130.5517136603585
"sarimax_2_years_(2,0,1)(1,1,1,24)",,,,,,,,,25.0,2019-11-25,32.80432986368913,28.875856493518,59.66824912331749,0.9587040337036629,215.625,188.87290683959125
"sarimax_2_years_(2,0,1)(1,1,1,24)",,,,,,,,,26.0,2019-11-26,36.97373742014363,28.16388442976351,28.732202818113596,0.948191767734581,231.04166666666666,208.20586860282936
"sarimax_2_years_(2,0,1)(1,1,1,24)",,,,,,,,,27.0,2019-11-27,101.87866495028837,68.26711418938947,53.2857230207694,0.3300604125313995,175.0,225.73470108220488
"sarimax_2_years_(2,0,1)(1,1,1,24)",,,,,,,,,28.0,2019-11-28,183.52711294890494,138.0373199560992,336.45945861506044,-28.233263845823796,49.75,178.7375925257047
"sarimax_2_years_(2,0,1)(1,1,1,24)",,,,,,,,,29.0,2019-11-29,97.73060204112934,69.10507517930905,216.63548409699192,-1.717000403182074,77.70833333333333,122.00341019708982
"sarimax_2_years_(2,0,1)(1,1,1,24)",,,,,,,,,30.0,2019-11-30,42.98362738572071,33.66925819225989,186.93237726070643,0.6678484854136784,98.20833333333333,112.02467352625062
"sarimax_2_years_(2,1,0)(0,1,1,24)",82.93804388395539,55.990812680628956,inf,0.7070864549103757,30.0,720.0,78.24801111221313,success,,,,,,,,
"sarimax_2_years_(2,1,0)(0,1,1,24)",,,,,,,,,1.0,2019-11-01,101.87207168250093,94.86719177773819,178.53176380963586,0.7193414371077191,256.875,351.74219177773824
"sarimax_2_years_(2,1,0)(0,1,1,24)",,,,,,,,,2.0,2019-11-02,42.98170216878685,34.73819950688554,31.177428445911342,0.9381249989324868,223.375,213.75051197477697
"sarimax_2_years_(2,1,0)(0,1,1,24)",,,,,,,,,3.0,2019-11-03,89.41972941982372,80.02831021203919,123.97360771093349,0.5852420171854353,180.875,260.90331021203923
"sarimax_2_years_(2,1,0)(0,1,1,24)",,,,,,,,,4.0,2019-11-04,26.87391774347611,22.077742092230817,35.69656083756642,0.9802046578529905,255.29166666666666,238.2109864153174
"sarimax_2_years_(2,1,0)(0,1,1,24)",,,,,,,,,5.0,2019-11-05,49.531832112398234,39.27798708316059,28.364020596252114,0.9387575587497526,281.9166666666667,246.4254731937484
"sarimax_2_years_(2,1,0)(0,1,1,24)",,,,,,,,,6.0,2019-11-06,34.03063656638611,23.563609355370318,18.039923034368012,0.9697879851667793,272.5833333333333,254.80191899066037
"sarimax_2_years_(2,1,0)(0,1,1,24)",,,,,,,,,7.0,2019-11-07,131.25617975522925,69.94421244304677,44.31656225833727,0.3040780446909369,214.20833333333334,256.53651658342085
"sarimax_2_years_(2,1,0)(0,1,1,24)",,,,,,,,,8.0,2019-11-08,89.2789671396654,65.76789359408679,51.98226846835756,0.5384812102302334,180.91666666666666,243.3812938470402
"sarimax_2_years_(2,1,0)(0,1,1,24)",,,,,,,,,9.0,2019-11-09,54.09389307746946,42.08325371996102,168.9121197413407,0.7766642790834086,148.75,170.76905028422618
"sarimax_2_years_(2,1,0)(0,1,1,24)",,,,,,,,,10.0,2019-11-10,44.82883210312517,37.927123936493125,78.47679026810538,0.870226995880539,161.25,182.26760457198438
"sarimax_2_years_(2,1,0)(0,1,1,24)",,,,,,,,,11.0,2019-11-11,33.83132753195937,27.52790737152397,60.101584430243015,0.9636629259236418,241.70833333333334,218.72134702176854
"sarimax_2_years_(2,1,0)(0,1,1,24)",,,,,,,,,12.0,2019-11-12,145.93326776813765,117.32029120943197,110.49024732709746,-1.2184274776194033,140.08333333333334,257.40362454276533
"sarimax_2_years_(2,1,0)(0,1,1,24)",,,,,,,,,13.0,2019-11-13,68.18450841869972,53.189248090273644,141.23673356348124,0.6598489991122904,159.0,196.56031824732153
"sarimax_2_years_(2,1,0)(0,1,1,24)",,,,,,,,,14.0,2019-11-14,28.58573361334833,24.157803349307642,158.4522057205942,0.9602969878907516,203.45833333333334,199.1887536610835
"sarimax_2_years_(2,1,0)(0,1,1,24)",,,,,,,,,15.0,2019-11-15,30.45404179166407,22.434978191271664,29.10527624282778,0.961155335776605,216.45833333333334,235.07080633047903
"sarimax_2_years_(2,1,0)(0,1,1,24)",,,,,,,,,16.0,2019-11-16,53.759599587838935,41.881371613770206,86.225531693549,0.7620243763846271,148.20833333333334,179.03384588055064
"sarimax_2_years_(2,1,0)(0,1,1,24)",,,,,,,,,17.0,2019-11-17,71.17966356104942,58.97278110069116,104.1685998844738,0.4317096238224699,123.45833333333333,174.43947162762035
"sarimax_2_years_(2,1,0)(0,1,1,24)",,,,,,,,,18.0,2019-11-18,105.82694564347997,81.60543273205457,145.379671884246,-0.052417460002274874,123.70833333333333,192.97140418038376
"sarimax_2_years_(2,1,0)(0,1,1,24)",,,,,,,,,19.0,2019-11-19,78.34835557957076,72.49681389618267,inf,0.7668623700298038,221.29166666666666,148.794852770484
"sarimax_2_years_(2,1,0)(0,1,1,24)",,,,,,,,,20.0,2019-11-20,39.399397077033214,34.04299316759792,117.86300704317884,0.9340130563821372,211.04166666666666,243.54391307240658
"sarimax_2_years_(2,1,0)(0,1,1,24)",,,,,,,,,21.0,2019-11-21,30.676350425162596,26.309980306412456,47.0677349699342,0.9678458197060136,242.875,226.03506445849249
"sarimax_2_years_(2,1,0)(0,1,1,24)",,,,,,,,,22.0,2019-11-22,119.77094748424916,104.78336580474495,170.2089348314918,0.17165452433054118,176.0,280.78336580474496
"sarimax_2_years_(2,1,0)(0,1,1,24)",,,,,,,,,23.0,2019-11-23,37.08493309885715,27.33470204632466,42.78450377577345,0.9191510517664899,155.83333333333334,171.09910384461554
"sarimax_2_years_(2,1,0)(0,1,1,24)",,,,,,,,,24.0,2019-11-24,110.48181969094767,83.25227521639573,314.08945409214317,-2.427433306502173,72.0,143.2211262119236
"sarimax_2_years_(2,1,0)(0,1,1,24)",,,,,,,,,25.0,2019-11-25,23.09929039314684,17.439067292441866,34.73747070626943,0.9795241202943642,215.625,205.90119912741133
"sarimax_2_years_(2,1,0)(0,1,1,24)",,,,,,,,,26.0,2019-11-26,25.33937460660831,21.57971337368403,75.71360169393454,0.9756665407442293,231.04166666666666,228.8183393980155
"sarimax_2_years_(2,1,0)(0,1,1,24)",,,,,,,,,27.0,2019-11-27,108.96759866129092,78.95237956084317,91.52472702324008,0.23358514853051382,175.0,241.02356215498878
"sarimax_2_years_(2,1,0)(0,1,1,24)",,,,,,,,,28.0,2019-11-28,193.39912349116426,145.72363330964018,364.29292675121803,-31.462790098964454,49.75,187.58189103295067
"sarimax_2_years_(2,1,0)(0,1,1,24)",,,,,,,,,29.0,2019-11-29,120.23284644623266,89.25888374418558,233.15930061771283,-3.11220552680982,77.70833333333333,145.93142301714235
"sarimax_2_years_(2,1,0)(0,1,1,24)",,,,,,,,,30.0,2019-11-30,47.053134760537986,41.18523532107847,382.40669469681137,0.6019778549565813,98.20833333333333,95.45406074179283
"sarimax_2_years_(2,1,0)(1,1,1,24)",82.98502897507343,55.99734603727749,inf,0.7067544849900329,30.0,720.0,77.73565697669983,success,,,,,,,,
"sarimax_2_years_(2,1,0)(1,1,1,24)",,,,,,,,,1.0,2019-11-01,99.20539845764341,91.94665837249026,171.89327923260677,0.7338425466653293,256.875,348.8216583724902
"sarimax_2_years_(2,1,0)(1,1,1,24)",,,,,,,,,2.0,2019-11-02,40.98200093110341,33.50271996379676,34.310136624956584,0.94374847301769,223.375,210.85157636334608
"sarimax_2_years_(2,1,0)(1,1,1,24)",,,,,,,,,3.0,2019-11-03,93.1950595998004,84.4681458947512,131.95934985981955,0.5494802528807984,180.875,265.3431458947512
"sarimax_2_years_(2,1,0)(1,1,1,24)",,,,,,,,,4.0,2019-11-04,29.375877712392217,23.182607792814565,37.03997092516681,0.9763471896948342,255.29166666666666,235.50814919692513
"sarimax_2_years_(2,1,0)(1,1,1,24)",,,,,,,,,5.0,2019-11-05,46.06895240226106,36.676709344947426,24.47116388765052,0.9470214115313423,281.9166666666667,249.9855476124617
"sarimax_2_years_(2,1,0)(1,1,1,24)",,,,,,,,,6.0,2019-11-06,28.964926861362184,19.062163530491983,17.61867333796401,0.9781130918296594,272.5833333333333,261.5505546353707
"sarimax_2_years_(2,1,0)(1,1,1,24)",,,,,,,,,7.0,2019-11-07,132.10073949012022,68.66619484558704,45.98411490758501,0.29509349895617065,214.20833333333334,260.3564962347462
"sarimax_2_years_(2,1,0)(1,1,1,24)",,,,,,,,,8.0,2019-11-08,89.95999899353961,69.40357469120272,43.783796445515954,0.5314133015715312,180.91666666666666,248.61560906864977
"sarimax_2_years_(2,1,0)(1,1,1,24)",,,,,,,,,9.0,2019-11-09,49.62169742548851,38.60929047790646,155.34055781477252,0.8120661776752581,148.75,168.66456250149398
"sarimax_2_years_(2,1,0)(1,1,1,24)",,,,,,,,,10.0,2019-11-10,41.86640592091465,34.40527229532561,66.70921863846665,0.8868118742074063,161.25,181.15177011843966
"sarimax_2_years_(2,1,0)(1,1,1,24)",,,,,,,,,11.0,2019-11-11,34.180358758590074,27.259792888790628,53.32691566001822,0.9629092932807005,241.70833333333334,218.86413957106205
"sarimax_2_years_(2,1,0)(1,1,1,24)",,,,,,,,,12.0,2019-11-12,153.691350034216,124.55041526663717,116.43678985761112,-1.4605685684773992,140.08333333333334,264.6337485999705
"sarimax_2_years_(2,1,0)(1,1,1,24)",,,,,,,,,13.0,2019-11-13,62.31045088475244,48.029945427234075,133.7523009042133,0.7159321309550785,159.0,191.9716724576957
"sarimax_2_years_(2,1,0)(1,1,1,24)",,,,,,,,,14.0,2019-11-14,27.047801503686518,23.0676733695157,140.68158580355163,0.9644541656318923,203.45833333333334,196.40342160082432
"sarimax_2_years_(2,1,0)(1,1,1,24)",,,,,,,,,15.0,2019-11-15,32.510920711045905,25.261172113017665,36.50656133204907,0.9557309674774686,216.45833333333334,238.3362696117483
"sarimax_2_years_(2,1,0)(1,1,1,24)",,,,,,,,,16.0,2019-11-16,58.5881449249041,46.35002920252185,93.27025070074347,0.7173559046117073,148.20833333333334,183.38969742876316
"sarimax_2_years_(2,1,0)(1,1,1,24)",,,,,,,,,17.0,2019-11-17,69.64802126065804,57.2913779079415,106.69387718528019,0.4559034096214749,123.45833333333333,174.0393514265138
"sarimax_2_years_(2,1,0)(1,1,1,24)",,,,,,,,,18.0,2019-11-18,103.37902857668534,78.93452024356388,143.81380783443757,-0.0042929518849423864,123.70833333333333,189.92835539746832
"sarimax_2_years_(2,1,0)(1,1,1,24)",,,,,,,,,19.0,2019-11-19,83.12637889415268,77.14161411495407,inf,0.7375598177471508,221.29166666666666,144.1500525517126
"sarimax_2_years_(2,1,0)(1,1,1,24)",,,,,,,,,20.0,2019-11-20,45.91066918903321,40.605600171779976,130.7122123921551,0.9104003924579593,211.04166666666666,251.64726683844665
"sarimax_2_years_(2,1,0)(1,1,1,24)",,,,,,,,,21.0,2019-11-21,30.034997445857204,25.37230193019956,37.86629967192914,0.969176265097781,242.875,225.4030184752794
"sarimax_2_years_(2,1,0)(1,1,1,24)",,,,,,,,,22.0,2019-11-22,122.61914266439383,106.7299835468026,165.38689024681153,0.13178939829071512,176.0,282.72998354680266
"sarimax_2_years_(2,1,0)(1,1,1,24)",,,,,,,,,23.0,2019-11-23,35.35576356382215,26.929917604580567,50.06389887970845,0.9265148107989409,155.83333333333334,167.98836108615245
"sarimax_2_years_(2,1,0)(1,1,1,24)",,,,,,,,,24.0,2019-11-24,110.32179677129088,83.07921159202799,316.00067900875325,-2.417511842805879,72.0,142.66248992518607
"sarimax_2_years_(2,1,0)(1,1,1,24)",,,,,,,,,25.0,2019-11-25,26.4787529959341,19.685887645125916,36.32862308926477,0.9730945445005559,215.625,201.5263729712273
"sarimax_2_years_(2,1,0)(1,1,1,24)",,,,,,,,,26.0,2019-11-26,23.035046198528377,19.51181029003816,76.29273572176407,0.9798910106528425,231.04166666666666,232.78519722612418
"sarimax_2_years_(2,1,0)(1,1,1,24)",,,,,,,,,27.0,2019-11-27,111.79686062989504,79.66870719069478,90.65296769164885,0.19326970233332563,175.0,244.56054668724747
"sarimax_2_years_(2,1,0)(1,1,1,24)",,,,,,,,,28.0,2019-11-28,191.39350807550397,145.71242387635468,368.1189734488452,-30.79298068539019,49.75,186.12652081367625
"sarimax_2_years_(2,1,0)(1,1,1,24)",,,,,,,,,29.0,2019-11-29,111.34534331762428,82.86180315165205,219.49729108075832,-2.5267337343302616,77.70833333333333,140.76671319463708
"sarimax_2_years_(2,1,0)(1,1,1,24)",,,,,,,,,30.0,2019-11-30,47.32032996155354,41.952856375577824,362.7187693195898,0.5974446154514736,98.20833333333333,93.97244835208944
"sarimax_2_years_(3,1,2)(0,1,1,24)",79.27656374699868,51.05153662002881,inf,0.7323781840178243,30.0,720.0,88.60442686080933,success,,,,,,,,
"sarimax_2_years_(3,1,2)(0,1,1,24)",,,,,,,,,1.0,2019-11-01,44.74700902752114,38.14636492564472,56.09284117173482,0.9458503013559603,256.875,257.69240642891646
"sarimax_2_years_(3,1,2)(0,1,1,24)",,,,,,,,,2.0,2019-11-02,47.6522866586854,37.68131277258053,38.48443422521288,0.9239471506366995,223.375,204.4635144555697
"sarimax_2_years_(3,1,2)(0,1,1,24)",,,,,,,,,3.0,2019-11-03,66.75126467033677,57.35597681566463,76.1436672641857,0.7688749344280124,180.875,236.5304061863159
"sarimax_2_years_(3,1,2)(0,1,1,24)",,,,,,,,,4.0,2019-11-04,21.20466332268197,16.128160408601843,19.98808958627181,0.9876756561061005,255.29166666666666,257.98997703674473
"sarimax_2_years_(3,1,2)(0,1,1,24)",,,,,,,,,5.0,2019-11-05,33.59779398899241,28.013517612602943,46.667375400189655,0.9718223198261352,281.9166666666667,273.07491061062166
"sarimax_2_years_(3,1,2)(0,1,1,24)",,,,,,,,,6.0,2019-11-06,28.127159491802537,20.62207568641537,58.79210543951431,0.9793608743521941,272.5833333333333,281.34669674495734
"sarimax_2_years_(3,1,2)(0,1,1,24)",,,,,,,,,7.0,2019-11-07,143.82286602189654,77.30618026354688,66.58029390752792,0.16444143354114327,214.20833333333334,282.9095716025077
"sarimax_2_years_(3,1,2)(0,1,1,24)",,,,,,,,,8.0,2019-11-08,81.72370129907347,59.330280097851436,43.85949718137088,0.6132884637043372,180.91666666666666,238.10471540366856
"sarimax_2_years_(3,1,2)(0,1,1,24)",,,,,,,,,9.0,2019-11-09,48.52670786425028,37.99103239722748,203.24233598251556,0.8202688420284563,148.75,160.46987032929243
"sarimax_2_years_(3,1,2)(0,1,1,24)",,,,,,,,,10.0,2019-11-10,41.37179587782477,35.7363501744961,97.27310746842565,0.8894704872382063,161.25,175.93536765054023
"sarimax_2_years_(3,1,2)(0,1,1,24)",,,,,,,,,11.0,2019-11-11,26.262688991413125,19.90339171320117,31.54412768819955,0.9781027157408656,241.70833333333334,230.84191262045977
"sarimax_2_years_(3,1,2)(0,1,1,24)",,,,,,,,,12.0,2019-11-12,134.99634100722795,105.97585134502422,105.08616671848037,-0.8983689232581085,140.08333333333334,246.05918467835758
"sarimax_2_years_(3,1,2)(0,1,1,24)",,,,,,,,,13.0,2019-11-13,55.44033784427858,44.08379551107193,184.9715796510825,0.7751193634479192,159.0,176.11578028029103
"sarimax_2_years_(3,1,2)(0,1,1,24)",,,,,,,,,14.0,2019-11-14,34.64594696096978,30.09547125817331,255.50081449322383,0.9416783712454929,203.45833333333334,181.15148655435073
"sarimax_2_years_(3,1,2)(0,1,1,24)",,,,,,,,,15.0,2019-11-15,25.939024766781593,19.04563746981025,34.00901446508798,0.9718194944074748,216.45833333333334,211.19612219721066
"sarimax_2_years_(3,1,2)(0,1,1,24)",,,,,,,,,16.0,2019-11-16,43.973021407564985,33.51700065947239,79.7954101088773,0.8407816799266448,148.20833333333334,169.97351636478288
"sarimax_2_years_(3,1,2)(0,1,1,24)",,,,,,,,,17.0,2019-11-17,61.08290658832252,50.808074963442266,144.08625306339164,0.5814977198099704,123.45833333333333,163.30972829092087
"sarimax_2_years_(3,1,2)(0,1,1,24)",,,,,,,,,18.0,2019-11-18,111.52283368036422,86.05382932400052,119.63873201240291,-0.16875400677549002,123.70833333333333,203.4352599288054
"sarimax_2_years_(3,1,2)(0,1,1,24)",,,,,,,,,19.0,2019-11-19,59.42552756077708,52.09843826215871,inf,0.8658784086317941,221.29166666666666,169.6482561370928
"sarimax_2_years_(3,1,2)(0,1,1,24)",,,,,,,,,20.0,2019-11-20,23.896654848939367,20.079546191417005,43.04267540060622,0.9757253440596467,211.04166666666666,212.90897776560783
"sarimax_2_years_(3,1,2)(0,1,1,24)",,,,,,,,,21.0,2019-11-21,36.30396355300832,29.51528587064817,26.559826732190402,0.954966246400596,242.875,217.68167715291338
"sarimax_2_years_(3,1,2)(0,1,1,24)",,,,,,,,,22.0,2019-11-22,94.93846340072547,77.87721887484649,122.69071943176304,0.4795333208476338,176.0,253.87721887484648
"sarimax_2_years_(3,1,2)(0,1,1,24)",,,,,,,,,23.0,2019-11-23,33.10513458466827,26.16220111796602,53.864702794766096,0.9355726764275234,155.83333333333334,158.45671687962405
"sarimax_2_years_(3,1,2)(0,1,1,24)",,,,,,,,,24.0,2019-11-24,129.302850443921,96.55485492865928,177.16792383329246,-3.694653818679238,72.0,166.97733122160147
"sarimax_2_years_(3,1,2)(0,1,1,24)",,,,,,,,,25.0,2019-11-25,43.14492942769919,37.60879196082854,65.07888201651039,0.9285660248996692,215.625,181.29874331538576
"sarimax_2_years_(3,1,2)(0,1,1,24)",,,,,,,,,26.0,2019-11-26,33.48866433950112,27.26649250579331,41.96040049836984,0.9574981609974016,231.04166666666666,212.2928654207477
"sarimax_2_years_(3,1,2)(0,1,1,24)",,,,,,,,,27.0,2019-11-27,106.35083779114903,77.36224268515106,87.06201326015011,0.2699527287533402,175.0,237.0084611787976
"sarimax_2_years_(3,1,2)(0,1,1,24)",,,,,,,,,28.0,2019-11-28,208.5263880433788,160.87451184746726,411.16647523832756,-36.7397381159037,49.75,210.5901577970892
"sarimax_2_years_(3,1,2)(0,1,1,24)",,,,,,,,,29.0,2019-11-29,98.27173029819656,71.3859340870997,260.800212216107,-1.747171424157115,77.70833333333333,114.142999805732
"sarimax_2_years_(3,1,2)(0,1,1,24)",,,,,,,,,30.0,2019-11-30,66.09837796918202,56.96627687000082,672.096567200465,0.21456234898626858,98.20833333333333,46.239914522833296
"sarimax_2_years_(3,1,2)(1,1,1,24)",78.94875609760314,50.58454329983107,inf,0.7345868342462925,30.0,720.0,90.75316834449768,success,,,,,,,,
"sarimax_2_years_(3,1,2)(1,1,1,24)",,,,,,,,,1.0,2019-11-01,45.360662057809265,38.93283432524536,61.69843864961955,0.9443549175641051,256.875,258.8730016141515
"sarimax_2_years_(3,1,2)(1,1,1,24)",,,,,,,,,2.0,2019-11-02,44.692598004338116,36.30645138408365,38.36573050021583,0.9331010655083505,223.375,207.14320410514793
"sarimax_2_years_(3,1,2)(1,1,1,24)",,,,,,,,,3.0,2019-11-03,67.91109763067593,58.900965604317015,78.26842836575764,0.7607733544053513,180.875,238.28937712193724
"sarimax_2_years_(3,1,2)(1,1,1,24)",,,,,,,,,4.0,2019-11-04,21.50599927449266,16.708285003706674,17.692467248867608,0.9873228888199179,255.29166666666666,257.3928016271406
"sarimax_2_years_(3,1,2)(1,1,1,24)",,,,,,,,,5.0,2019-11-05,32.10614773890768,26.953695535543336,47.53441445015314,0.9742687959131443,281.9166666666667,275.44046676036425
"sarimax_2_years_(3,1,2)(1,1,1,24)",,,,,,,,,6.0,2019-11-06,27.874361060779897,21.009405683050318,58.82034772932495,0.9797302036298943,272.5833333333333,284.0507912691196
"sarimax_2_years_(3,1,2)(1,1,1,24)",,,,,,,,,7.0,2019-11-07,144.71185577711356,78.0249458968055,66.9990282440871,0.1540800951529946,214.20833333333334,284.8718496040983
"sarimax_2_years_(3,1,2)(1,1,1,24)",,,,,,,,,8.0,2019-11-08,79.31937626566129,60.1400916412882,35.89787773172365,0.6357079838080435,180.91666666666666,240.19879373073755
"sarimax_2_years_(3,1,2)(1,1,1,24)",,,,,,,,,9.0,2019-11-09,47.586832698859915,36.900763657261926,178.13529559486048,0.8271635593382611,148.75,163.96574450571455
"sarimax_2_years_(3,1,2)(1,1,1,24)",,,,,,,,,10.0,2019-11-10,42.34203815706982,36.568282034073796,82.60047327637685,0.8842254697897812,161.25,180.72637060667884
"sarimax_2_years_(3,1,2)(1,1,1,24)",,,,,,,,,11.0,2019-11-11,25.209803431615196,18.424386873162007,20.419078914338687,0.9798232694832758,241.70833333333334,234.0175086009457
"sarimax_2_years_(3,1,2)(1,1,1,24)",,,,,,,,,12.0,2019-11-12,137.92938639605154,109.24979067219533,111.63473826125116,-0.9817562173427214,140.08333333333334,249.33312400552867
"sarimax_2_years_(3,1,2)(1,1,1,24)",,,,,,,,,13.0,2019-11-13,52.69177131597408,41.12401062895581,170.31141654034812,0.796864455638062,159.0,175.96907343115208
"sarimax_2_years_(3,1,2)(1,1,1,24)",,,,,,,,,14.0,2019-11-14,29.987302616047256,26.352800308884657,210.90233054802874,0.9563082362791604,203.45833333333334,186.0201483648434
"sarimax_2_years_(3,1,2)(1,1,1,24)",,,,,,,,,15.0,2019-11-15,25.78519215381121,17.5091580368927,21.323104398400663,0.9721527549018933,216.45833333333334,215.77222471553296
"sarimax_2_years_(3,1,2)(1,1,1,24)",,,,,,,,,16.0,2019-11-16,45.46911928877067,34.83331665076463,73.57617131926003,0.8297631763805428,148.20833333333334,172.1953630760977
"sarimax_2_years_(3,1,2)(1,1,1,24)",,,,,,,,,17.0,2019-11-17,61.098001542266026,50.73796746629299,131.1612465257082,0.5812908516837674,123.45833333333333,164.3690318915013
"sarimax_2_years_(3,1,2)(1,1,1,24)",,,,,,,,,18.0,2019-11-18,111.83857214426827,85.62046690686002,108.52169882281133,-0.17538122310233217,123.70833333333333,205.0553467958921
"sarimax_2_years_(3,1,2)(1,1,1,24)",,,,,,,,,19.0,2019-11-19,57.885066317997584,50.09600389329736,inf,0.8727418292558979,221.29166666666666,171.66185334917282
"sarimax_2_years_(3,1,2)(1,1,1,24)",,,,,,,,,20.0,2019-11-20,23.83636519580946,20.313024890486833,58.22598829029799,0.9758476761957836,211.04166666666666,219.47295390344019
"sarimax_2_years_(3,1,2)(1,1,1,24)",,,,,,,,,21.0,2019-11-21,34.41941382406032,28.057944879737192,27.04748553652679,0.95952032640938,242.875,219.55498394935137
"sarimax_2_years_(3,1,2)(1,1,1,24)",,,,,,,,,22.0,2019-11-22,96.81778349099864,79.46447241046617,121.34168054587498,0.4587239566277439,176.0,255.4644724104662
"sarimax_2_years_(3,1,2)(1,1,1,24)",,,,,,,,,23.0,2019-11-23,33.29459054823604,26.58606105577176,55.2040925254893,0.9348331495944715,155.83333333333334,157.09932702374232
"sarimax_2_years_(3,1,2)(1,1,1,24)",,,,,,,,,24.0,2019-11-24,132.07158081307614,98.30753811627743,174.16489834916894,-3.8978572983334603,72.0,168.99891624948123
"sarimax_2_years_(3,1,2)(1,1,1,24)",,,,,,,,,25.0,2019-11-25,43.3884384301082,37.105153227447225,53.15105794040272,0.927757405939362,215.625,181.98743005700922
"sarimax_2_years_(3,1,2)(1,1,1,24)",,,,,,,,,26.0,2019-11-26,29.62220761831008,24.342838104997753,45.43360714195362,0.9667457687992493,231.04166666666666,216.94111052839256
"sarimax_2_years_(3,1,2)(1,1,1,24)",,,,,,,,,27.0,2019-11-27,107.35532346201154,77.22197617950408,85.18627382522291,0.25609698189701946,175.0,238.7236310011293
"sarimax_2_years_(3,1,2)(1,1,1,24)",,,,,,,,,28.0,2019-11-28,207.06679293381333,160.87216613816187,406.2693677332268,-36.213263237011965,49.75,210.35166642501795
"sarimax_2_years_(3,1,2)(1,1,1,24)",,,,,,,,,29.0,2019-11-29,92.53280172127215,66.56417811941371,230.70982299417096,-1.435678589907742,77.70833333333333,115.21269557378139
"sarimax_2_years_(3,1,2)(1,1,1,24)",,,,,,,,,30.0,2019-11-30,60.809681638188685,54.30732366998677,586.11171539784,0.3352236341458883,98.20833333333333,53.448084870275885
